Channel ID,Channel Name,Description,View,Num Subscriber,Topic,Num Video
UCTIaA_PXyZq9x9fbeubv77Q,Tiáº¿n CÃ² Music,"Tiáº¿n CÃ² Music lÃ  kÃªnh ca nháº¡c giáº£i trÃ­ hÃ ng Ä‘áº§u Viá»‡t Nam.

ÄÄƒng kÃ½ kÃªnh ngay Ä‘á»ƒ nghe Ä‘Æ°á»£c nhá»¯ng báº£n nháº¡c bay Ä‘áº³ng cáº¥p vinahouse, nháº¡c dj nonstop vinahouse cá»±c máº¡nh hay nháº¥t má»i thá»i Ä‘áº¡i...
â–º ThÃ´ng Tin LiÃªn Há»‡ KÃªnh : Gmail : huy562161@gmail.com
â–º ÄÄƒng KÃ½ KÃªnh Tiáº¿n CÃ² Music Ngay Äá»ƒ Nghe Nháº¡c Hay Má»—i NgÃ y NhÃ©.
",98006829,137000,"['Pop_music', 'Music', 'Electronic_music']",346
UCCcuWh-ZZy6WVdb048YZovA,UC Davis Music,,873795,3430,"['Classical_music', 'Music', 'Lifestyle_(sociology)']",549
UCMxCwD8bLI6bYCJ1tfKjrjQ,Super Music Mix,,4440442,25000,"['Electronic_music', 'Pop_music', 'Hip_hop_music', 'Music']",155
UC2fu6CiFfNYz5UFORvFyc0w,Vie Channel - MUSIC,"Vie Channel - MUSIC lÃ  kÃªnh Ã¢m nháº¡c & giáº£i trÃ­ chÃ­nh thá»©c cá»§a Vie Channel - nhÃ  sáº£n xuáº¥t, sá»Ÿ há»¯u vÃ  phÃ¡t sÃ³ng nhá»¯ng chÆ°Æ¡ng trÃ¬nh Ã¢m nháº¡c giáº£i trÃ­ hot nháº¥t Viá»‡t Nam nhÆ°:
- The Masked Singer Vietnam 2022
- The Masked Singer Vietnam All-Star Concert 2022
- Rap Viet 2021
- Rap Viet 2020
- Rap Viet All-Star Concert 2021
- ChÆ°Æ¡ng trÃ¬nh Ã¢m nháº¡c vÃ  giáº£i trÃ­ Ä‘Ãªm Giao Thá»«a SÃ³ng 18, SÃ³ng 19, SÃ³ng 20, SÃ³ng 21, SÃ³ng 22, SÃ³ng 23

Táº£i app VieON táº¡i: https://click.vieon.vn/wSBG/ytapp

LiÃªn Há»‡ TÃ i Trá»£ & Quáº£ng CÃ¡o
â–º Hotline: 0907.950.371 (Mr. Äá»©c Khoa)
â–º Email: khoa.nguyen@viechannel.vn hoáº·c sales@viechannel.vn

â–º Website: https://vieon.vn/
â–º Fanpage: https://www.facebook.com/vieonofficial/
â–º Tiktok: https://www.tiktok.com/@vieon.official
â–º Instagram: https://www.instagram.com/vieon.official/
",507399659,345000,"['Entertainment', 'Music', 'Music_of_Asia']",1176
UC4L6cAm9LPirrd6Va-8NheQ,HOA Há»’NG Dáº I MUSIC,"HOA Há»’NG Dáº I MUSIC ğŸŒ¹ Sáº¢N XUáº¤T VÃ€ PHÃT HÃ€NH NHáº C HÃ€NG Äáº¦U VIá»†T NAM
nháº¡c remix, nhac remix, nháº¡c remix tik tok, remix, remix 2024, nháº¡c tráº» remix, nhac tre remix, nháº¡c tik tok, remix tiktok, tiktok remix, nháº¡c tiktok remix, nháº¡c tiktok,nhac tiktok, tik tok remix, nháº¡c, nhac, nháº¡c tráº», nháº¡c tráº» remix 2024, nhac tre, nháº¡c remix tiktok, remix tik tok,  nháº¡c hot tiktok hiá»‡n nay, tiktok 2024, nháº¡c tráº» remix 2024 hay nháº¥t hiá»‡n nay, nháº¡c hot tiktok, nhac tre remix 2024 hay nhat hien nay, remix tiktok 2024

ÄÆ¡n vá»‹ phÃ¡t hÃ nh nháº¡c EDM/Rap/Pop hÃ ng Ä‘áº§u táº¡i Viá»‡t Nam
ÄÃ£ tá»«ng há»£p tÃ¡c vá»›i nhiá»u ca nghá»‡ sá»¹ trong vÃ  ngoÃ i nÆ°á»›c, cÃ¡c nhÃ  sáº£n xuáº¥t Ã¢m nháº¡c sá»‘ 1 Viá»‡t Nam
LÃ  Ä‘Æ¡n vá»‹ sáº£n xuáº¥t Beat Nháº¡c, Thu Ã‚m, Phá»‘i KhÃ­, LÃ m Video Clip chuyÃªn nghiá»‡p
Nháº­n Quáº£ng bÃ¡ sáº£n pháº©m cá»§a cÃ¡c nghá»‡ sá»¹ trÃªn ná»n táº£ng Youtube, Facebook, cÃ¡c ná»n táº£ng quá»‘c táº¿.

â˜ Contact: vietnambeats@gmail.com
â˜ Fb Ad: PhÃ¹ng XuÃ¢n HoÃ ng
Link fb Ad: https://www.facebook.com/hoangboiz102

LH CÃ´ng Viá»‡c:
Hotline 1: 0888866667
Hotline 2: 0961828836
",1823864273,4230000,"['Electronic_music', 'Music', 'Pop_music']",11826
UCbFElYG8hdFGIeC1vcKPj3g,Inner Relaxation Music,"Welcome to Inner Relaxation Music,

Inner Relaxation Music channel is dedicated to bringing you the best music for meditation, healing, sleep, and spiritual connection. Our playlist features angelic and archangelic melodies, as well as uplifting music inspired by the teachings of Jesus Christ. Our music is designed to help you tap into your inner peace, find healing and comfort, and achieve a deep, restful sleep. Whether you're looking to meditate, heal, or simply relax, our music is the perfect accompaniment to your journey.

Subscribe now to join us on a musical journey towards inner peace and happiness ğŸ’–ğŸ’–ğŸ’–
_________________________ 
COPYRIGHT Â© & FAQ
â€£ Contact: hello@beemedia.art
â€¢ This video was given a special license directly from the artist's visual.
â€¢ All music on Angelic Healing Music are copyrighted.
",5147631,61200,"['Religion', 'Electronic_music', 'Christian_music', 'Music']",301
UC5xi7kLHCZE6Osk5hPA2lHQ,RIN Music,"RIN MUSIC thuá»™c RIN Media lÃ  Ä‘á»™i ngÅ© sáº£n xuáº¥t nhá»¯ng báº£n Remake remix, lofi, speed up â€œviralâ€ cháº¥t lÆ°á»£ng hÃ ng Ä‘áº§u.

RIN Media cÃ³ thá»ƒ há»— trá»£ nghá»‡ sÄ© remake láº¡i nhá»¯ng giai Ä‘iá»‡u gá»‘c Ä‘á»ƒ cho ra máº¯t má»™t phiÃªn báº£n má»›i viral hÆ¡n, trending hÆ¡n trÃªn Facebook, Youtube, Tiktok vÃ  nhiá»u ná»n táº£ng nháº¡c sá»‘ khÃ¡c.

Vá»›i há»‡ thá»‘ng vá» Ã¢m nháº¡c hÃ ng Ä‘áº§u táº¡i Viá»‡t Nam, RIN Media hi vá»ng Ä‘em Ä‘áº¿n sá»± tÆ°Æ¡i má»›i trong Ã¢m nháº¡c cho nghá»‡ sÄ© vÃ  khÃ¡n giáº£ nghe nháº¡c.

âœ‰ Há»£p tÃ¡c, quáº£ng cÃ¡o, khiáº¿u náº¡i cÃ¡c váº¥n Ä‘á» vá» báº£n quyá»n liÃªn há»‡ chÃºng tÃ´i qua mail: music@rin.media

Â© Báº£n quyá»n video thuá»™c vá» RIN Music
Â© Copyright by RIN Media - Mee Media  â˜ Do not Reup
",217982413,685000,"['Electronic_music', 'Music', 'Pop_music']",517
UCR2TTDk_ZdXYivvnoWxjNAw,HC Music,"â¤ áº¤n ÄÄƒng KÃ½ kÃªnh Äá»ƒ á»¦ng Há»™ MÃ¬nh Nha â¤
â¤ KÃŠNH Ã‚M NHáº C THUá»˜C Há»† THÃ”NG BM MUSIC GROUP 
â¤ âœ‰ Há»£p tÃ¡c, quáº£ng cÃ¡o, khiáº¿u náº¡i cÃ¡c váº¥n Ä‘á» vá» báº£n quyá»n:
â–º PhÃ¡t HÃ nh Ã‚m Nháº¡c Sá»‘, Sáº£n Xuáº¥t Ã‚m Nháº¡c Äá»™c Quyá»n Táº¡i BM Music Group :
â–º Nháº­n LÃ m Beat, Remixes,... Há»£p TÃ¡c Sáº£n Pháº©m TÃ¡c Quyá»n.
â–º Báº£n quyá»n thuá»™c vá» BM Music Group & CÃ¡c BÃªn LiÃªn Quan Vui lÃ²ng khÃ´ng Ä‘Äƒng táº£i ca khÃºc nÃ y khi chÆ°a Ä‘Æ°á»£c cáº¥p tÃ¡c quyá»n. LH Báº£n Quyá»n : betnation21@gmail.com
Â© Báº£n quyá»n video thuá»™c vá» BM Music Group
Â© Copyright by BM Music Group â˜ Do not Reup
â¤ LIÃŠN Há»† Há»¢P TÃC QUáº¢NG BÃ ğŸ‘‰hcmussic@gmail.com
â¤ TIKTOK Cá»¦A MÃŒNH NÃˆ :https://www.tiktok.com/@hcmussic98
-------------------------------------------------------------
â–º Website: https://www.miimedia.net/
â–º Náº¿u cÃ³ báº¥t ká»³ váº¥n Ä‘á» nÃ o liÃªn quan Ä‘áº¿n báº£n quyá»n trong video, xin vui lÃ²ng liÃªn há»‡: contact@miimedia.net
â–º If you have any questions, complaints about image copyright as well as music included in the video, please contact the owner directly via Email: contact@miimedia.net
",9519476,34200,"['Pop_music', 'Independent_music', 'Electronic_music', 'Music']",45
UCprG5uvgUVRN5r6F8EW30nA,Nam Viá»‡t Music,"â–ºNam Viá»‡t KÃªnh Youtube Giáº£i trÃ­ - Ã‚m nháº¡c - HÃ i ká»‹ch phong phÃº nháº¥t Viá»‡t Nam hiá»‡n nay.

â™« Nam Viá»‡t Music phÃ¡t hÃ nh nhiá»u sáº£n pháº©m Ã¢m nháº¡c cá»§a cÃ¡c ca sÄ© ná»•i tiáº¿ng : QuÃ¢n AP, Trung QuÃ¢n, Äá»©c PhÃºc, NgÃ´ Kiáº¿n Huy, LÃ¢m Cháº¥n Khang, ChÃ¢u Kháº£i Phong, Há»“ Quang Hiáº¿u, Khá»Ÿi My, Saka TrÆ°Æ¡ng Tuyá»n, Pháº¡m TrÆ°á»Ÿng, LÃª Báº£o BÃ¬nh, Nguyá»…n ÄÃ¬nh VÅ©, KhÃ¡nh PhÆ°Æ¡ng, Anh QuÃ¢n Idol, Wendy Tháº£o vÃ  nhiá»u ca sÄ© ná»•i tiáº¿ng khÃ¡c.

â™« ÄÄƒng kÃ½ https://goo.gl/gwtY98 Ä‘á»ƒ theo dÃµi MV, Phim Ca Nháº¡c vÃ  Nhá»¯ng Ca KhÃºc Nháº¡c Tráº» - Remix Má»›i vÃ  Nháº¥t

LiÃªn há»‡ báº£n quyá»n : copyrightnamviet@namvietmedia.com.vn hoáº·c copyright@metub.net

â™« Website: namvietmedia.vn",1789486568,3700000,"['Music_of_Asia', 'Electronic_music', 'Pop_music', 'Music']",1175
UC5edtZAO_1Ay2Gu0UxdJcEQ,Music Theory for Gamers,"Music Theory for Gamers: a channel where gamers who want to truly own and have mastery over every part of their favorite games come to learn about the music from the OSTs and VGM that they love.

Hosted by Dan Spencer and presented by Best Music Coach, this channel exists to inspire gamers to understand more about their favorite video game music and give those gamers easy ways to ""get it"" and understand music theory.

We have a running list of future reacts for Dan to do. You can upvote or add an OST on the list via superchat, membership, or super thanks to support the channel. Click the link to see current standings. https://docs.google.com/spreadsheets/d/12t3CpaN7IIBn9pfM2NM6_rMk6xgaECKP_QdqAryT5RE/edit?usp=sharing
",17946335,100000,"['Video_game_culture', 'Music']",292
UCW9o3ENwPXKd9gc3ffqRs9w,Wanji Music,"ÄÃ¢y lÃ  kÃªnh báº¯t trend nháº¡c tiktok douyin siÃªu nhanh. Láº¡c vÃ o kÃªnh cá»§a tÃ´i, báº¡n sáº½ bá»‹ mÃª hoáº·c bá»Ÿi nhá»¯ng báº£n nháº¡c cá»±c hay, siÃªu báº¯t tai, cháº¥t lÆ°á»£ng cao vÃ  khÃ´ng thá»ƒ chÃª vÃ o Ä‘Ã¢u Ä‘Æ°á»£c. KhÃ´ng tin thÃ¬ thá»­ Ä‘i ğŸ˜‰

This is a channel that quickly captures popular Douyin music. If you get lost in my channel, you will be mesmerized by the super cool, super catchy, high quality and irrepressible music. If you don't believe it, try it ğŸ˜‰

é€™æ˜¯ä¸€å€‹å¿«é€Ÿæ•æ‰ç†±é–€æŠ–éŸ³éŸ³æ¨‚çš„é »é“. å¦‚æœä½ è¿·å¤±åœ¨æˆ‘çš„é »é“è£¡ï¼Œä½ æœƒè¢«é‚£äº›è¶…é…·ã€è¶…é…·ã€é«˜å“è³ªçš„éŸ³æ¨‚æ‰€è¿·ä½ï¼Œç„¡è·¯å¯èµ°ã€‚å¦‚æœä½ ä¸ç›¸ä¿¡ï¼Œå¯ä»¥å˜—è©¦ä¸€ä¸‹ğŸ˜‰

ğŸ‘‰SUBCRIBE NOWğŸ‘ˆ

ğŸµÄáº·t Mua vÃ  Há»— Trá»£ TÃ¬m Nháº¡c LiÃªn Há»‡:

âœ… Gmail: Wanjimusic@gmail.com

âœ… Zalo: 0963919439

âœ…Donate: Vietcombank : 0271001106482
",57017595,125000,"['Electronic_music', 'Music', 'Pop_music']",573
UCNSqBI25AW9CQmihX9AgjWA,NH4T Media Music,"NH4T Media Music - Thuá»™c há»‡ thá»‘ng NH4T Entertainment, Euphoria Music Vietnam

Â© Báº£n Quyá»n Thuá»™c Vá» NH4T Entertainment, Euphoria Music Vietnam
Â© Má»i thÃ´ng tin báº£n quyá»n hay khiáº¿u náº¡i liÃªn há»‡: Nhat.pd@euphoriamedia.com
",123692739,281000,"['Electronic_music', 'Music', 'Pop_music']",1044
UCe8UjG9ecgPmIDgRvFsEW4g,Thiáº¿u Nhi MUSIC,"â˜… Thiáº¿u Nhi MUSIC LÃ  kÃªnh Ã¢m nháº¡c giáº£i trÃ­ lÃ nh máº¡nh dÃ nh cho cÃ¡c em. Vá»›i nhá»¯ng ca khÃºc nhÆ° Vá»‹t con lÃ´ng vÃ ng, ChÃº vá»‹t nÃ¢u, ChÃº Heo Con, Má»™t Con Vá»‹t .. CÃ¹ng vá»›i phim Hoáº¡t HÃ¬nh thiáº¿u nhi hay nháº¥t. BÃ© ngoan giÃºp Máº¹ tháº£nh thÆ¡i!!!
ğŸ””  Nháº¥n ÄÄƒng KÃ½ KÃŠNH vÃ  áº¤N CHUÃ”NG Ä‘á»ƒ lÃ  ngÆ°á»i Ä‘áº§u tiÃªn nháº­n Ä‘Æ°á»£c thÃ´ng bÃ¡o video má»›i cá»§a Thiáº¿u Nhi MUSIC NhÃ©!
ğŸ§ ChÃºc cÃ¡c Em nghe nháº¡c & Ca HÃ¡t Vui Váº» !
â– CÃ¡c tÃ¡c pháº©m Ã¢m nháº¡c Ä‘Ã£ Ä‘Æ°á»£c cáº¥p quyá»n TÃ¡c Giáº£ bá»Ÿi VCPMC Há»¢P Äá»’NG Sá» 296/2023/HÄQTGAN/MR
Â© Audio thuá»™c quyá»n sá»Ÿ há»¯u cá»§a B89 Media. Äá» nghá»‹ cÃ¡c tá»• chá»©c, cÃ¡ nhÃ¢n khÃ´ng reup dÆ°á»›i má»i hÃ¬nh thá»©c.
ğŸ“§ Há»£p tÃ¡c, quáº£ng cÃ¡o, khiáº¿u náº¡i cÃ¡c váº¥n Ä‘á» vá» báº£n quyá»n vui lÃ²ng liÃªn há»‡ : b89team@gmail.com
â˜ +84565555135
",428190054,695000,"['Film', 'Music', 'Entertainment']",37
UCwVQIkAtyZzQSA-OY1rsGig,Chill Music Lab,"Choose the soundtrack for your most productive self

Music Lab was created to shed some light on how the music is made, educate and help people on how to navigate the intricacies of popular genres and how they can affect various activities. On this channel, we have a wide variety of playlists suited for all kinds of everyday tasks: work, studies, programming, sports and more. We want to popularize music that will have a beneficial effect on productivity.

We also collaborate with independent artists and labels within the USA and around the world. Many composers and producers are often unfairly overlooked and we strive to promote such artists by exposing their work to the widest possible audience.

For collaborations, business inquiries and licensing please contact us via the email below.

Don't forget to check our website: https://musiclab.cloud
",162679084,1070000,"['Electronic_music', 'Music']",295
UCyxv7DdYuluGyq-jFpRsfxQ,Tupe Music,"ğŸ“º Welcome to Tupe Music! 
We'd like to bring entertainment and laughter time to the audience by remixing music and editing movie videos.
Tupe Music is channel developed with the aim of bringing joy and creativity in everyone's mind.

â–º Disclaimer
Tupe Music and all of its videos are directed to a mature audience that is over 13 within the meaning of Title 16 C.F.R. Â§ 312.2 of CHILDREN'S ONLINE PRIVACY PROTECTION ACT (USA) are not intended for children under 13 years old.

â™¥ THANKS FOR WATCHING AND DON'T FORGET TO SUBSCRIBE FOR NOT MISSING EVERYDAY UPLOAD â™¥

ğŸ‘‰ This content is for relaxing and entertaining purposes only

",58669130,149000,"['Entertainment', 'Music', 'Film']",601
UC_0X20s5VVUQJllk_S3FCPQ,HealingMate - Dog Music,"ì•ˆë…•í•˜ì„¸ìš”. ""íë§ë©”ì´íŠ¸""ëŠ” ê°•ì•„ì§€ì˜ íœ´ì‹ & ì§„ì •ìŒì•…, ìˆ˜ë©´ìŒì•…, ìŠ¤íŠ¸ë ˆìŠ¤í•´ì†Œ, ë…ì„œìŒì•…ë“±ì„ ì „ë¬¸ìœ¼ë¡œ ì œì‘í•˜ëŠ” ìŒì•…ì±„ë„ì…ë‹ˆë‹¤.""íë§ë©”ì´íŠ¸""ëŠ” ì‘ê³¡ê°€ë“¤ì´ ì‹¬í˜ˆì„ ê¸°ìš¸ì—¬ ë§Œë“  ìŒì•… ê°ë¯¸ë¡œìš´ í”¼ì•„ë…¸ ì—°ì£¼ê³¼ ìì—°ì˜ì†Œë¦¬ ë“±ì´ ì¡°í™”ë¡­ê²Œ ë¯¹ì‹±ë˜ì–´ì§„ ìŒì•…ì„ ì—…ë¡œë“œ í•˜ê³  ìˆìŠµë‹ˆë‹¤.ë˜í•œ ""íë§ë©”ì´íŠ¸""ëŠ” êµ¬ë…ìë‹˜ê³¼ ì‹œì²­ìë‹˜ë“¤ì˜ ê°•ì•„ì§€ ì‚¬ì§„ì´ë‚˜ ì˜ìƒì„ ë³´ë‚´ì£¼ì‹œë©´ ì¸ë„¤ì¼ì´ë‚˜ ì˜ìƒ ì œì‘ì‹œ ë°°ê²½í™”ë©´ì— ë„£ì–´ë“œë¦¬ëŠ” ì°¸ì—¬í˜• ìœ íŠœë¸Œ ì±„ë„ì…ë‹ˆë‹¤.ì ìëŠ” ëª¨ìŠµ, ì¦ê²ê²Œ ë›°ì–´ë…¸ëŠ” ëª¨ìŠµ, íœ´ì‹í•˜ê³  ìˆëŠ” ëª¨ìŠµ ëª¨ë‘ ê°€ëŠ¥í•˜ë©° ê°€ëŠ¥í•œ ê°€ë¡œë¡œ ì°ì€ ì‚¬ì§„ì´ë‚˜ ì˜ìƒì´ ì œì‘ì‹œ ë” ë„ì›€ì´ ë©ë‹ˆë‹¤. ì•„ë˜ì˜ ì´ë©”ì¼ì£¼ì†Œë¡œ ì‚¬ì§„ì´ë‚˜ ì˜ìƒì„ ë³´ë‚´ì£¼ì„¸ìš”

E-mail: healingmate457@gmail.com 

Hello, â€œHealing Mateâ€ is a music channel that makes relaxing dog Music& dog calming music,sleep music, stress relief music, and reading music. Allâ€œHealing Mateâ€ music pieces are carefully composed by composers, and we upload music in harmony with sweet piano sound and nature sound Also Send us photographs or video clips of your dog (sleeping, playing, or relaxing) and we will use them for include them in our video. 
We hope you make good memories! Please send them to email address below.
Spend a relaxing time with your dog. Thank you ;)

E-mail: healingmate457@gmail.com 
",64202035,115000,"['Pet', 'Lifestyle_(sociology)']",750
UCAv46WficfQxzlhyHJCbWiw,NatoZ Music,"Má»i ngÆ°á»i nhá»› á»§ng há»™ mÃ¬nh Ä‘Æ°á»£c cÃ¡c má»‘c sau nha :
100 sub âˆš (17/3/2021)
500 sub âˆš (28/5/2021)
1000 sub âˆš (6/6/2021)
2000 sub
5000 sub
10000 sub 
20000 sub 
100000 sub 
..............................~_~
ChÃºc cÃ¡c báº¡n nghe nháº¡c vui váº»^_^",1393507,4240,"['Electronic_music', 'Music', 'Pop_music']",107
UCIkIU9zKrTbw5JuCYI-D11A,Hozo Music Festival,"HOZO is an Annual International Music Festival hosted by Ho Chi Minh City, which takes place for the first time in Dec 2019 to promote values of music & culture, create high quality music space for international music artists, producers and audience.",760838,2460,"['Electronic_music', 'Music', 'Pop_music']",361
UC5rjvXCo0zQrxVryLSI8-PA,Viking Music,"Wellcome To Channel..!
âœ”Please guys help and support this channel. THANK YOU SOO MUCH GUYS FOR LISTENING, hope you guys enjoy to listen my music.
âœ… Subscribe My Channel to update new videos
âœ…Help Us to Get 100.000 Subscribers, PLEASE !!!: 

âœ All video is purely fan-made, if you (owners) want to remove this video, please CONTACT US DIRECTLY before doing anything. We will respectfully remove it.
ğŸ’Œhosynham.na@gmail.comğŸ’Œ

âœ Music in my videos owned by Danheim
âœ A special thanks to the Danheim who gave me permission to use their songs in our videos.
",24799463,107000,['Music'],634
UCLU-lhvnaReQQnabRoZZ6ww,VUX Music,"â€œDonâ€™t cry because it is over, smile because it happened.â€",123906626,159000,"['Music', 'Pop_music']",348
UCQGxATbsTxI-rwWsDNYFVKg,Music Passionate,"welcome to my channel where you can find the best Music that fits your Audio System
Don't forget to Subscribe & LIKE !



122 Herndon Mill Cir, # CL
Herndon, VA 20170-4478
United States
+1 703-481-6609",1779720,33800,"['Jazz', 'Music', 'Pop_music']",112
UCpilXSENgqaEIUdwL5crWEA,LVTT Music Channel,"Welcome to LVTT Music. We'll bring you some top-quality music in different genres. These music was composed in a special way to make it suited with media production. We guaranteed that these music was used by television station and media corporation across the world, including Vietnam, Taiwan, Argentina, Canada, England,... and more.

We'll publish up to 1 per week (2 if I could) on LVTT Music Channel or Copyrighted Content Channel. An alternative tracks only channel will be available soon.

LVTT Music - Bring back the old memories

NOTE: We do NOT own any music in this channel. DON'T use these music for monetize, unless you have a legal license by the music publisher.



",104384,277,['Music'],72
UCZFkyg599M0UdYy4fIY_r1w,ART Classical Music ,"Welcome to ART Classical Music 

We love classical music as well as relaxing instrumental music so some years ago we decided to create this channel where you can find the best videos of well-known pieces of classical piano, violin and orchestral music combined with nature sounds and visuals in a unique way. We made original and educative videos from musical compositions performed by our musician partners which we transform to make them more suitable and attractive to the average viewer. This results in videos that are perfectly suitable to focus on studying, reading, working and improving your concentration and memorization while listening to the greatest composers of all times such as Mozart, Beethoven, Bach, Chopin and many more. 

We hope you enjoy them!

â–º All photos and videos are copyrighted by me
âœ” All videos are researched, edited and mixed for the best listening experience - bringing listeners back to the world of classical music.
",14310168,123000,"['Music', 'Classical_music', 'Lifestyle_(sociology)']",423
UCJ8qK-Km-FTjFtnO9CYGhVA,F Music,"F Music - Giao Lá»™ Thá»i Gian - NÆ¡i thÆ°á»Ÿng thá»©c cÃ¢u chuyá»‡n Ã¢m nháº¡c báº±ng giai Ä‘iá»‡u qua nhá»¯ng lÃ¡t cáº¯t quÃ¡ khá»© - hiá»‡n táº¡i.
â–¶LiÃªn há»‡ Quáº£ng CÃ¡o/ TÃ i trá»£: fptplaybooking@gmail.com
Â© Báº£n quyá»n thuá»™c vá» F Music âŒ¦ Vui lÃ²ng khÃ´ng reup dÆ°á»›i má»i hÃ¬nh thá»©c!
",222557812,1030000,"['Pop_music', 'Music', 'Music_of_Asia']",635
UCtVt72Xq0qMvRSfyDDiqHhw,MEGA GS MUSIC,"ChÆ°Æ¡ng trÃ¬nh â€œSÃ n Chiáº¿n Giá»ng HÃ¡tâ€ (Singer Auction) do CÃ´ng ty Mega GS Communication phá»‘i há»£p vá»›i ÄÃ i Truyá»n hÃ¬nh Viá»‡t Nam thá»±c hiá»‡n. Báº£n quyá»n chÆ°Æ¡ng trÃ¬nh thuá»™c vá» NBCUniversal International Formats.

- - - - - - - - - - - - - - - - - - - - - - - - - - - 
KÃŠNH CHÃNH THá»¨C Cá»¦A MEGA GS MUSIC, áº¤N SUBSCRIBE NGAY Äá»‚ THEO DÃ•I VIDEO Má»šI NHáº¤T!
â–º Subscribe: http://popsww.com/megagsmusic
â–º Website official: http://megags.vn
â–º Fanpage: https://facebook.com/MegaGSEntertainment",983855465,1550000,"['Television_program', 'Entertainment', 'Music_of_Asia', 'Music', 'Pop_music']",605
UCwobzUc3z-0PrFpoRxNszXQ,Yellow Brick Cinema - Relaxing Music,"Yellow Brick Cinema: the worldâ€™s best relaxing music. Now celebrating ten years of service, with over 2.5 billion views and more than six-million subscribers. Our purpose and passion is to help you relax, unwind and rejuvenate through better sleep, reduced stress, greater concentration and improved mental wellness.

Our world-class composers produce relaxing music with binaural beats and state-enhancing Solfeggio frequencies to help you relax, sleep, focus, meditate and heal. We combine our music with imagery and composite animations of beautiful locales both real and fantastical, ensuring that you will feel a sense of deep relaxation whilst watching them.

Thank you for your support! We're real people on four different continents working together to bring this vision to life, and we hope you'll join us on the journey.

Love,
Your YBC Team: Megan, Claire, Chad, Evan, Jason, and Paige
",2484615852,6340000,"['Lifestyle_(sociology)', 'Music']",2711
UCnolUOkW7-9spe5H9n9-qiA,Stetson University School of Music,The YouTube channel for all Stetson University School of Music live streamed performances.,361270,3100,"['Classical_music', 'Music', 'Lifestyle_(sociology)']",1058
UCJV4dvSN1E08gC2-HU1ppyA,KOY Music Group,KÃªnh Ã¢m nháº¡c thÆ° giÃ£n má»—i ngÃ y!,54326879,104000,"['Electronic_music', 'Music', 'Pop_music']",108
UCJhjE7wbdYAae1G25m0tHAA,Cafe Music BGM channel,"â˜• About Cafe Music BGM channel
Welcome to our Cafe Music channel, your source for 'Everyday Music'. Perfect for relaxation, work, or study, our tunes will transform your daily rhythm. Subscribe now, and let us infuse your life with cafe ambiance, making ordinary moments extraordinary.
* All music in this video & in this channel is original music by BGMC. We are playing all the songs.


ğŸ“œ What is BGMC?
Morning.
Gentle light that shines through the blinds
One glass of water after waking up
The tender breeze from the window that we feel with all our body

These things are too ordinary in everyday life to be conscious.
But we can't live even if one of them is missing.
""BGMC - BGM channel"" has been providing music, hoping to be like them.

Though it is colorless and transparent, we want to make the listener's daily life as colorful as possible.
That is the essence of the music we deliver.

Light, water, wind, and BGMC
A new value for music.",1378425669,3770000,"['Jazz', 'Music', 'Music_of_Latin_America']",2264
UCmd0nAr5eAYyNcuhIhmHCyQ,Magical Forest Music,"Tired of the hustle and bustle of everyday life? Escape to a magical world of relaxation with the enchanted forest music on Magical Forest Music. Our music is designed to calm your mind and soothe your soul. So take a few minutes out of your day and transport yourself to a peaceful haven with us. Subscribe now and relax with us!

Step into a world of tranquility and peace with Magical Forest Music. Enchanting music from the magical forest will help you relax, escape, and unwind. Follow us for a calming sonic journey and let us take you away in to a dream-like state. Subscribe today and start your journey of relaxation!
",7069761,45500,"['Electronic_music', 'Music']",287
UCI2OiZs5aVcyBUBVsgovzng,YEAH1 MUSIC,"YEAH1 MUSIC - kÃªnh giáº£i trÃ­ Ã¢m nháº¡c lá»›n nháº¥t dÃ nh cho giá»›i tráº» táº¡i Viá»‡t Nam. NÆ¡i Ä‘Äƒng táº£i cÃ¡c chÆ°Æ¡ng trÃ¬nh ca nháº¡c, vÃ  MV má»›i nháº¥t cá»§a cÃ¡c ca sÄ© Ä‘ang HOT nháº¥t hiá»‡n nay.

YEAH1 MUSIC - the most popular music channel in Vietnam. SUBSCRIBE to stay updated of our new videos.

Follow YEAH1 MUSIC Ä‘á»ƒ Ä‘Æ°á»£c cáº­p nháº­t cÃ¡c thÃ´ng tin má»›i vÃ  nhanh nháº¥t:
+ Facebook: https://www.facebook.com/yeah1music
+ Instagram: https://www.instagram.com/yeah1music
",2420141874,3140000,"['Music', 'Lifestyle_(sociology)', 'Pop_music', 'Music_of_Asia', 'Performing_arts', 'Entertainment']",786
UC7CLR70PwAff4tBUavQ42cw,Freak D Music,"Orinn Music lÃ  Ä‘á»™i ngÅ© sáº£n xuáº¥t nhá»¯ng dá»± Ã¡n Ã¢m nháº¡c hÃ ng Ä‘áº§u Viá»‡t Nam.

Náº¯m báº¯t Ä‘Æ°á»£c xu hÆ°á»›ng nghe nháº¡c hiá»‡n nay, Orinn cÃ³ thá»ƒ há»— trá»£ nghá»‡ sÄ© remake láº¡i nhá»¯ng giai Ä‘iá»‡u gá»‘c Ä‘á»ƒ cho ra máº¯t má»™t phiÃªn báº£n má»›i viral hÆ¡n, trending hÆ¡n trÃªn Facebook, Tiktok vÃ  Youtube.

Vá»›i há»‡ thá»‘ng vá» Ã¢m nháº¡c hÃ ng Ä‘áº§u táº¡i Viá»‡t Nam, Orinn hi vá»ng Ä‘em Ä‘áº¿n sá»± tÆ°Æ¡i má»›i trong Ã¢m nháº¡c cho nghá»‡ sÄ© vÃ  khÃ¡n giáº£ nghe nháº¡c.

Má»i thÃ´ng tin liÃªn há»‡ táº¡i: contact@orinn.net
",1246535477,1430000,"['Pop_music', 'Music']",337
UC1-i7CEArNT6aw34SOF6blw,HP Music,"KÃªnh Tá»•ng Há»£p Nhá»¯ng Nháº¡c Hot Nháº¥t Hiá»‡n Nay
â˜… Náº¿u báº¡n tháº¥y hay thÃ¬ Like & Subcribes vÃ  áº¤n chuÃ´ng ğŸ”” thÃ´ng bÃ¡o Ä‘á»ƒ khÃ´ng bá» lá»¡ video má»›i!

â˜… CHÃšC CÃC Báº N NGHE NHáº C VUI Váºº â˜…

âœ‰ Há»£p tÃ¡c, quáº£ng cÃ¡o, khiáº¿u náº¡i cÃ¡c váº¥n Ä‘á» vá» báº£n quyá»n:
â–º PhÃ¡t HÃ nh Ã‚m Nháº¡c Sá»‘, Sáº£n Xuáº¥t Ã‚m Nháº¡c Äá»™c Quyá»n Táº¡i 9C Media.
â–º Nháº­n LÃ m Beat, Remixes,... Há»£p TÃ¡c Sáº£n Pháº©m TÃ¡c Quyá»n.
â–º Báº£n quyá»n thuá»™c vá» 9C Media & CÃ¡c BÃªn LiÃªn Quan Vui lÃ²ng khÃ´ng Ä‘Äƒng táº£i ca khÃºc nÃ y khi chÆ°a Ä‘Æ°á»£c cáº¥p tÃ¡c quyá»n. LH Báº£n Quyá»n : contact@9cmedia.net

Â© Báº£n quyá»n video thuá»™c vá» Nháº¡c Phá»‘ Remix 
Â© Copyright by vá» Nháº¡c Phá»‘ Remix  & 9C Media â˜ Do not Reup",3438219,23200,"['Electronic_music', 'Music', 'Pop_music']",53
UCq8XvH3qOrCudk1lCVpCqTQ,HÆ¯Æ NG LY MUSIC,"ChÃ o má»i ngÆ°á»i, mÃ¬nh lÃ  HÆ°Æ¡ng Ly ğŸ˜ğŸ˜ğŸ˜ !
MÃ¬nh lÃ  má»™t bÃ  máº¹ bá»‰m sá»¯a bÃ¡n quáº§n Ã¡o cÃ³ Ä‘am mÃª ca hÃ¡t. Cáº£m Æ¡n cÃ¡c báº¡n Ä‘Ã£ á»§ng há»™ cÃ¡c sáº£n pháº©m cover cá»§a mÃ¬nh. Náº¿u báº¡n muá»‘n nghe báº£n cover nÃ o hÃ£y inbox cho mÃ¬nh nhÃ©.

Contact for work:

Email:   huongly.booking@gmail.com
â¤ï¸ 
Nguyá»…n HÆ°Æ¡ng Ly 
Facebook CÃ¡ NhÃ¢n: https://www.facebook.com/huongly.nguyen.5
Fanpage: https://www.facebook.com/nguyenhuonglyofficial 
Instagram: https://www.instagram.com/nguyenhuongly.official
TikTok: https://www.tiktok.com/@lyty1910

Cáº£m Æ¡n má»i ngÆ°á»i Ä‘Ã£ ghÃ© thÄƒm kÃªnh Youtube cá»§a Ly, má»i ngÆ°á»i nhá»› á»§ng há»™ Ly báº±ng má»™t Subscribe nhaaaa. Cáº£m Æ¡n cáº£ nhÃ  nhÃ¬u nhÃ¬u ^^ â¤ï¸â¤ï¸â¤ï¸
",38742949,128000,"['Music_of_Asia', 'Music']",840
UCfaDfNjc_vyY3iq_5MFqDVA,Nick Jr. Music,"Welcome to the OFFICIAL Nick Jr. Music channel, where you can find Nick Jr. songs, compilations, and lyric videos! 

Join all of your favorite Nick Jr. characters from shows like PAW Patrol, Rubble & Crew, Bubble Guppies, Blaze and the Monster Machines, and Blues Clues & You! in sing-alongs, nursery rhymes, and classic jams in this hub for all things music!

From educational videos to theme songs to videos that make you want to dance, watch Blue, Blaze, Bossy Bear and so many more characters sing your favorite songs! 

Subscribe to the Nick Jr. Music YouTube Channel: https://at.nick.com/NickJrMusicSubscribe
Watch more videos on the Nick Jr. Music YouTube Channel: https://at.nick.com/NickJrMusicChannel

#NickJrMusic #SingAlong #NurseryRhymes 
",98498831,78400,"['Television_program', 'Music', 'Film', 'Entertainment']",192
UCNGZ8S8G6cN0z17IoiqJPCw,Tennessee Tech School of Music,"This is the official Recording and Livestreaming channel for the School of Music at Tennessee Technological University 

https://www.tntech.edu/fine-arts/music/
https://www.facebook.com/TNTechMusic/
https://www.instagram.com/tntechmusic/?hl=en
",46598,796,"['Classical_music', 'Christian_music', 'Music', 'Lifestyle_(sociology)']",178
UC7bX_RrH3zbdp5V4j5umGgw,Relax Music,"""The best place for music lovers""

Welcome to Relax Music Records' official YouTube channel, the best place for music lovers.

We feature original music from artists at Relax Music Records across various genres like Jazz, Bossa Nova, Lofi, and Piano, which is perfect for promoting relaxation, reading, studying, working, sleeping, focusing, or creating a pleasant atmosphere during dinner. Furthermore, it can serve as background music for any event in your life. 

Expect daily uploads and Join Us Everywhere â–º https://fanlink.to/relax-music   
",319814990,1460000,"['Music_of_Latin_America', 'Christian_music', 'Jazz', 'Music']",1526
UCucZ0dYXTXLs66eKo98ujmg,Starbucks Music,"â˜• About  Starbucks Music channel

You're in the right place for your favorite holiday music. All genres of jazz instrumental and jazz music are available. We also have a full playlist for music.Listen to Jazz Instrumentals while you enjoy your favorite coffee drink. Jazz Instrumentals are the best music for working, relaxing, or when you need some inspiration.

STARBUCKS MUSIC is the place to be if you're in need of some  music for your business, your holiday party, or just in the mood for some good jazz. We provide world-wide listeners with jazz instrumental  music that will help them relax and unwind during this festive time of year.

We hope our music can spare you some head rooms to stay positive in your life.
If you have any suggestion, feel free to do so in the comment section. 

Â©ï¸ All rights related to music belong to Starbucks Music.â˜ Do not Reup
Visual part on this channel was given a special license directly from the artists. ",6939296,26800,"['Music_of_Latin_America', 'Christian_music', 'Jazz', 'Music', 'Electronic_music']",1138
UCVqHQYMI7cP8SE6Z3XDwSjw,University of Missouri School of Music,"Welcome to Mizzou! 

Our mission is to prepare students to make meaningful contributions in the world as performers, composers, teachers, and scholars. We work to expand the understanding and impact of music through faculty and student performance, composition, and research. We foster appreciation for music and participation in musical activities throughout the campus. We strive to enrich and engage the broader community through performances and educational programs. And we serve â€” as the School of Music of Missouriâ€™s flagship university â€” as a resource for the state, the nation, and the world.

This channel is the showcase of our School of Music, and the home to all of our live events and concerts. We hope you will find our content meaningful and inspiring!

For any concerns about this channel, please contact recordingservices@missouri.edu",15965,2030,"['Classical_music', 'Music', 'Lifestyle_(sociology)']",30
UCGjd2P9By_xh0-UrGW3SaZw,( LUX )  - Ambient Music,"Hi.
IÂ´m LUX. IÂ´m musician and composer.
I hope you like my music, isnpired in film and cinematic music. Music for relax and escape. Sci Fi, Cyberpunk, Ambient music
I would appreciate your support in this adventure. Please subscribe, comment and share. I am grateful to you for listening.
All the best 

The lux (symbol: lx) is the SI derived unit of illuminance

",2207141,37400,"['Rock_music', 'Independent_music', 'Electronic_music', 'Music']",147
UCGj8nL6RWUjPebuQeN1BHlA,Music for Sleep,"Hello! This is Music for Sleep. Our channel makes music to help you sleep well, reduce stress, anxiety and have a good time. We hope that you will overcome difficult stages. This will be a relaxing time for you guys. You can keep the video at low volume and start doing anything like studying, working, readingâ€¦ or simply relaxing or getting a good night's sleep. Let's enjoy the moment!

Don't forget like, subscribe and comment if you feel good

Thank you so much for listening and leaving feedback. Have a great time listening to music!

#SleepingMusic #RelaxingMusic #PianoMusic

",9234217,53700,['Music'],110
UC85XIrueRnvSsMAtlNpEH4A,TRÃšC Há»’ MUSIC,"á»¦ng há»™ TRÃšC Há»’ MUSIC - Báº£o tá»“n Ã¢m nháº¡c Viá»‡t Nam táº¡i háº£i ngoáº¡i
Mail: P.O Box 127, Garden Grove, CA 92843 
Credit Card: www.benemdangcota.com
Paypal: info@benemdangcota.com
Venmo: @truchomusicinc | (657) 263-8775 
Patreon: patreon.com/TrucHoMusic
Youtube membership: Báº¥m vÃ o JOIN Ä‘á»ƒ vÃ o Youtube membership 
youtube.com/truchomusicinc  
Äá»ƒ mua sáº£n pháº©m cá»§a TrÃºc Há»“ Music: www.truchomusic.com
",24664840,72200,"['Pop_music', 'Music', 'Music_of_Asia']",483
UClxMX3CtmAbIlGvITbEgtCA,9C Music,"KÃªnh Tá»•ng Há»£p Nhá»¯ng Nháº¡c Hot Nháº¥t Hiá»‡n Nay
â˜… Náº¿u báº¡n tháº¥y hay thÃ¬ Like & Subcribes vÃ  áº¤n chuÃ´ng ğŸ”” thÃ´ng bÃ¡o Ä‘á»ƒ khÃ´ng bá» lá»¡ video má»›i!

â˜… CHÃšC CÃC Báº N NGHE NHáº C VUI Váºº â˜…

âœ‰ Há»£p tÃ¡c, quáº£ng cÃ¡o, khiáº¿u náº¡i cÃ¡c váº¥n Ä‘á» vá» báº£n quyá»n:
â–º PhÃ¡t HÃ nh Ã‚m Nháº¡c Sá»‘, Sáº£n Xuáº¥t Ã‚m Nháº¡c Äá»™c Quyá»n Táº¡i 9C Media.
â–º Nháº­n LÃ m Beat, Remixes,... Há»£p TÃ¡c Sáº£n Pháº©m TÃ¡c Quyá»n.
â–º  Báº£n quyá»n thuá»™c vá» 9C Media & CÃ¡c BÃªn LiÃªn Quan Vui lÃ²ng khÃ´ng Ä‘Äƒng táº£i ca khÃºc nÃ y khi chÆ°a Ä‘Æ°á»£c cáº¥p tÃ¡c quyá»n. LH Báº£n Quyá»n : Contact@9cmedia.net

Â© Báº£n quyá»n video thuá»™c vá» 9C Music
Â© Copyright by 9C Music & 9C Media â˜ Do not Reup
",7612022,142000,"['Electronic_music', 'Music', 'Pop_music']",140
UCI2P6CJrmMxssPdDI0gZWbg,Music Express,,60996816,183000,"['Pop_music', 'Music']",938
UCp2W1q30N1cs9B4jfBRB1Ow,New Music Offical,"ChÃ o má»«ng cÃ¡c báº¡n Ä‘áº¿n vá»›i "" New Music Offical "" â¤ï¸. ÄÃ¢y lÃ  kÃªnh Ã¢m nháº¡c tuyá»ƒn táº­p nhá»¯ng báº£n remix, nonstop, vinahouse hay vÃ  hot nháº¥t hiá»‡n hay.
CÃ¹ng thÆ° giÃ£n vá»›i nhá»¯ng bÃ i hÃ¡t cá»§a mÃ¬nh nhÃ©. 

Nháº¥n ÄÄƒng KÃ½ kÃªnh Ä‘á»ƒ khÃ´ng bá» lá»¡ nhá»¯ng báº£n nháº¡c remix hay nháº¥t ğŸ˜: 
https://www.youtube.com/channel/UCp2W1q30N1cs9B4jfBRB1Ow

âœ‰ Há»£p tÃ¡c, quáº£ng cÃ¡o, khiáº¿u náº¡i cÃ¡c váº¥n Ä‘á» vá» báº£n quyá»n liÃªn há»‡ chÃºng tÃ´i qua mail: 
contact.newmediamusic@gmail.com 

Â© Báº£n Quyá»n Thuá»™c Vá» New Music Offical âŒ¦ Vui LÃ²ng KhÃ´ng Reup DÆ°á»›i Má»i HÃ¬nh Thá»©c!!!
Â© Copyright by New Music Offical & NEW Media â˜ Do not Reup
",6923551,37100,"['Pop_music', 'Music', 'Electronic_music']",131
UCIOirWYuPvdIQMCLnQVdH5A,BD MUSIC TRENDING,"Fanpage : https://www.facebook.com/ltmusicvietnam
KÃªnh thuá»™c há»‡ thá»‘ng BD Media Music
Táº¥t cáº£ cÃ¡c báº£n remix sá»­ dá»¥ng trÃªn kÃªnh Ä‘á»u cÃ³ tÃ¡c quyá»n vÃ  giáº¥y tá» há»£p phÃ¡p
YÃªu cáº§u khÃ´ng re-up ná»™i dung dÆ°á»›i má»i hÃ¬nh thá»©c
",40990541,87700,"['Electronic_music', 'Music', 'Pop_music']",517
UC-phF_o73TiQFpWjUo8n94Q,KinZ Music ãƒ„,"#taixiugo88 #taixiuonlinego88 #GO88 #linktaigo88 #linkgo88 #taigo88 #cachtaigo88 #huongdantaitaixiugo88

tÃ i xá»‰u go88, TÃ i xá»‰u go88, tai xiu go88, tÃ i xá»‰u online go88, tÃ i xá»‰u go88 uy tÃ­n nháº¥t, tÃ i xá»‰u má»›i nháº¥t, máº¹o báº¯t cáº§u tÃ i xá»‰u go88, cÃ¡ch báº¯t cáº§u tÃ i xá»‰u go88, go88 má»›i nháº¥t, táº£i go88, máº¹o báº¯t cáº§u go88, báº¯t cáº§u tÃ i xá»‰u go88, link táº£i go88, link táº£i go88 má»›i nháº¥t, hÆ°á»›ng dáº«n táº£i go88, go88 link táº£i, cÃ¡ch táº£i go88, GO88 TÃ€I Xá»ˆU, link go88, tÃ i xá»‰u go88 2024, game bÃ i go88, go88 tÃ i xá»‰u, tÃ i xá»‰u online, tÃ i xá»‰u go88 online, Táº£i go88,táº£i go88,hÆ°á»›ng dáº«n táº£i go88,cÃ¡ch táº£i go88,link táº£i go88,táº£i go88 2023,táº£i go88 má»›i nháº¥t,cÃ¡ch táº£i go88 má»›i nháº¥t,táº£i go88 báº£n chÃ­nh thá»©c
",1531335,11200,"['Electronic_music', 'Music']",52
UCWrVHYh7R-NVShIfZ_Ls-0g,Dj Suraj Music Jigna,10K Dj Suraj Music Jigna Kharnahi ğŸ”ŠğŸ§,2595827,13600,"['Music', 'Music_of_Asia']",504
UCLsooMJoIpl_7ux2jvdPB-Q,Super Simple Songs - Kids Songs,"Making learning fun and simple!

With billions of views, Super Simple Songs is a trusted resource for parents and teachers around the world. Our library of nursery rhymes, original songs, and animated videos are perfect for children between the ages of 1 and 8. Each video is carefully crafted to engage young viewers and make learning new concepts such as colors, counting, animals and more both fun and simple!

Our channel features a diverse range of fun characters, including: 

â€¢ Finny the Shark
â€¢ The Bumble Nums
â€¢ Caitie from Caitie's Classroom
â€¢ The Roundabouts
â€¢ Noodle & Pals
â€¢ Rhymington Square

Our videos are designed to be engaging and fun, helping children learn new concepts and skills while having a great time.

Whether you're a parent looking for engaging and age-appropriate videos for your child, or a teacher searching for new ways to make learning fun, we've got you covered. Explore our channel and discover the many ways we can help your child learn and grow.
",49248404699,41200000,"['Film', 'Lifestyle_(sociology)', 'Entertainment', 'Music', 'Hobby']",784
UCx3TsiSW-cFnnSq8FFGio5g,UyÃªn Music,"
",23264821,149000,"['Electronic_music', 'Music', 'Pop_music']",105
UCdy5gC2jwAxTJlHN5tJEkXA,DJ TCT MUSIC OFFICIAL,"DJ TCT MUSIC tÃªn tháº­t lÃ  Táº¡ CÃ´ng TÃ¹ng Ä‘áº¿n tá»« HÃ  Ná»™i, báº¯t Ä‘áº§u theo Ä‘uá»•i Ä‘am mÃª tá»« nÄƒm 2012 vá»›i sá»Ÿ trÆ°á»ng lÃ  dÃ²ng nháº¡c Vinahouse. CÃ¹ng vá»›i cÃ¡ch dáº«n dáº¯t nháº¡c lÃ´i cuá»‘n vÃ  kinh nghiá»‡m lÃ¢u nÄƒm, TCT Ä‘ang lÃ  má»™t Ä‘á»‹a Ä‘iá»ƒm cung cáº¥p nháº¡c bay uy tÃ­n Ä‘á»‘i vá»›i ngÆ°á»i yÃªu nháº¡c kháº¯p cáº£ nÆ°á»›c.
LiÃªn há»‡ cÃ´ng viá»‡c: 0971345286",58557487,185000,"['Music', 'Electronic_music', 'Pop_music']",196
UCg0nKWXJ8qb_BVgPgxDxk_g, JW Music â™ª,"wanna listen to some tunes ? watch anime :))))
______________________________________

â†’ JW Music is a channel makes lyrics and vietsub video.
â†’ I dont own the music used in this video
â†’ All the rights belong to the owner(s)
â†’ if you are an artist/musician/organization realizing the songs posted on my channel related to copyright issues, please contracts with me â†’ hoangjewel270706@gmail.com

______________________________________

THANKS FOR YOUR SUPPORT !

_______________________________________________________________________

muá»‘n nghe nháº¡c khÃ´ng ? xem anime Ä‘i :))))
______________________________________

â†’ JW Music lÃ  kÃªnh chá»‰ lÃ m vá» video lyrics vÃ  vietsub
â†’ MÃ¬nh khÃ´ng sá»Ÿ há»¯u bÃ i hÃ¡t nÃ o trong video
â†’ Má»i quyá»n lá»£i sáº½ thuá»™c vá» chá»§ sá»Ÿ há»¯u
â†’ Náº¿u báº¡n lÃ  nghá»‡ sÄ©/nháº¡c sÄ©/tá»• chá»©c tháº¥y ráº±ng nhá»¯ng bÃ i hÃ¡t mÃ¬nh Ä‘Äƒng lÃªn kÃªnh cá»§a mÃ¬nh cÃ³ váº¥n Ä‘á» vá» báº£n quyá»n thÃ¬ hÃ£y liÃªn láº¡c vá»›i mÃ¬nh â†’ hoangjewel270706@gmail.com

______________________________________

Cáº¢M Æ N Sá»° á»¦NG Há»˜ Cá»¦A CÃC Báº N !





",27784483,66700,"['Independent_music', 'Music', 'Pop_music']",28
UCyxAR98DHx6S4dF3-T-iK5w,H2K Music,"ÄÃ¢y lÃ  kÃªnh Youtube chÃ­nh thá»©c cá»§a H2K, Cáº­p nháº­t nhá»¯ng báº£n thu Ã¢m cháº¥t lÆ°á»£ng
linhnd@bhmedia.vn
",87338382,579000,"['Pop_music', 'Electronic_music', 'Hip_hop_music', 'Music']",135
UCb1ANUIW7arUUDI-Mwz65rw,OCB Relax Music,"I make original music videos for relaxation.

More information:
The OCB (One Conscious Breath) relaxing music series help you calm down. These music are made for relaxation, meditation, yoga, massage, studying, reading, sleeping, healing, stress relief, work and more. Original, calming and peaceful tunes created and uploaded to YouTube every week. 

Who is behind the OCB Relax Music? 
I'm Ferenc Hegedus | Hungarian composer and videographer
Music and visuals created by me (except for some footage and photos that were licensed in some old videos)

ğŸ“£ Changes on advertisement appearance! 
We removed all ""during video"" type of advertisements.
",417542950,843000,['Music'],435
UCR_-Qd1WeVaj5SCi_MnEE0Q,BÃ¬nh 83 MuSic,"ğŸ€â¤LIKE SHARE SUBSCRIBEâ¤ğŸ€

â¤á»§ng há»™ mÃ¬nh vs nhaâ¤ 

#Like_Share_Sub_100kSubÂ  #binh83music #binh83official #khmerremix #ÄaRaOffical #khmertamtrang #sadsongkhmer2021 #Khmer83ReMix #nhackhmerremix2022 #nhackhmersadsongremix #khmersadremix #khmerhottiktok #dinhthanhbinh #camphuchia #khmer #khmersoctrang #soctrang 
nháº¡c khmer remix, nháº¡c khmer remix 2021, nháº¡c khmer remix 2022, nháº¡c khmer New Melody, nháº¡c khmer hÃ³t tik tok, khmer tik tok, khmer tik tok 2021,Â  khmer tÃ¢m traÌ£ng, khmer tÃ¢m tráº¡ng 2021, nháº¡c thÃ¡i lan, nháº¡c thÃ¡i hÃ³t tik tok ,nháº¡c thÃ¡i 2021, khmer thÃ¡i lan New Melody 2021, khmer yak rom, 

Link liÃªn káº¿t cÃ¡ nhÃ¢n.ğŸ‘‡
ğŸ”°Facebook â€¢ https://www.facebook.com/thanhbinh211207
ğŸ”°Zalo â€¢ 0358860985
ğŸ”°Youtube â€¢ Khmer 83 ReMix https://youtube.com/channel/UC6KtbJQ4jaiWlAd2Dm2dJNA
ğŸ”°Youtube â€¢ BÃ¬nh 83 Official
https://youtube.com/channel/UCfM8ZLpIxsxtuD7JqfKbKoA

âˆšMá»i tháº¯c máº¯c vá» (Báº£n Quyá»n) cá»© liÃªn há»‡ mÃ¬nh qua Ä‘á»‹a chá»‰ Gmail
Â©binhkhmerst2004@gmail.com

â€¢ChÃ¢n thÃ nh cáº£m Æ¡n m.n ğŸ’—


",22834804,58700,"['Electronic_music', 'Music']",321
UCfXQ7nP8UbV_kyFE2rdH2IA,Sony Music Entertainment Vietnam,"ChÃ o má»«ng báº¡n Ä‘áº¿n vá»›i KÃªnh YouTube chÃ­nh thá»©c cá»§a Sony Music Entertainment Viá»‡t Nam, hÃ£y 'THEO DÃ•I' chÃºng tÃ´i ngay Ä‘á»ƒ luÃ´n Ä‘Æ°á»£c cáº­p nháº­t nhá»¯ng ná»™i dung Ä‘áº·c sáº¯c nháº¥t tá»« cÃ¡c nghá»‡ sÄ© thuá»™c Ä‘áº¡i gia Ä‘Ã¬nh Sony Music trÃªn kháº¯p tháº¿ giá»›i ğŸ“€
--------
Welcome to Sony Music Entertainment Vietnam's Official YouTube Channel, stay tuned for endless prime content from artists all over the world under our roof! ğŸ“€

ğŸ“Œ Visit us at our social homepages ğŸ‘‡
FACEBOOK: https://www.facebook.com/SonyMusicEntertainmentVN
INSTAGRAM: https://www.instagram.com/sonymusicvietnam/
TIKTOK: https://www.tiktok.com/@sonymusic_vietnam/

ğŸ“Œ Learn more about our creators and labels here ğŸ‘‰ https://www.sonymusic.com/
",79430965,92500,"['Pop_music', 'Music', 'Music_of_Asia']",641
UCLo_UlgP6CF8sgAjkDM3gJw,Disco Music,Music is the only language in which you cannot say a mean or sarcastic thing.,278699113,1030000,"['Electronic_music', 'Music', 'Pop_music']",744
UCJrmJyCii8wxixz0FkKrArg,Guitar Music,"Welcome to the guitar music library!
",58063894,426000,"['Classical_music', 'Music']",138
UCuOjFdUTw4wyWqMkUOHREzA,EDM For You Music,"Welcome to the music channel ""EDM For You Music"" which offers good EDM music, A division of EDM For You Group, Specializes in music production and publishing.
âœ”ï¸ Stream/Download:
   â€¢ Spotify: http://spotify.edmforyou.net
   â€¢ AppleMusic: http://applemusic.edmforyou.net

âœª Follow Me :
   â€¢ Youtube: https://youtube.com/c/EDMForYouMusic2
   â€¢ Tiktok: http://tiktok.edmforyou.net
   â€¢ Facebook: http://facebook.edmforyou.net
   â€¢ Instagram: http://instagram.edmforyou.net
   â€¢ Website: https://edmforyou.net",171424711,670000,"['Electronic_music', 'Music']",32
UC_A7K2dXFsTMAciGmnNxy-Q,Saregama Music,"The proud history of Saregama (an RPSG group company) stretches back over a century to 1901. Formerly known as The Gramophone Company of India Ltd. and more popularly as HMV (His Master's Voice), Saregama was established as the first overseas Indian Branch of Electrical & Musical Industries Limited (EMI), London. From producing the first song recorded in India in 1902 by the star of yesteryears, Gauhar Jan, to creating strong inroads into the production of cinema and television content, digital retailing, aggregation, radio programming and events, Saregama has evolved into one of India's premier entertainment content companies.

à¤¸à¤¾à¤°à¥‡à¤—à¤¾à¤®à¤¾ à¤­à¤¾à¤°à¤¤ à¤•à¥€ à¤ªà¤¹à¤²à¥€ à¤¸à¤‚à¤—à¥€à¤¤ à¤•à¤‚à¤ªà¤¨à¥€ à¤¹à¥ˆ, à¤”à¤° à¤¹à¤®à¤¾à¤°à¥‡ à¤•à¥‹à¤· à¤®à¥‡à¤‚ à¤‡à¤¸ à¤¦à¥‡à¤¶ à¤•à¥‡ à¤¸à¤¬à¤¸à¥‡ à¤ªà¥à¤°à¤¤à¤¿à¤·à¥à¤ à¤¿à¤¤ à¤¸à¤‚à¤—à¥€à¤¤ à¤•à¤¾ à¤­à¤£à¥à¤¡à¤¾à¤° à¤¹à¥ˆ. à¤«à¤¿à¤²à¥à¤®à¥‹à¤‚ à¤•à¥€ à¤¶à¥à¤°à¥à¤†à¤¤ à¤¸à¥‡ à¤²à¥‡à¤•à¤° à¤†à¤œ à¤¤à¤• à¤•à¥‡ à¤¸à¤¬à¤¸à¥‡ à¤®à¤¶à¤¹à¥‚à¤° à¤—à¤¾à¤¨à¥‹à¤‚ à¤•à¤¾ à¤¸à¤‚à¤—à¥à¤°à¤¹ à¤¯à¤¹à¥€à¥‡à¤‚ à¤ªà¤° à¤ªà¥‡à¤¶ à¤¹à¥ˆ. à¤¯à¤¹à¤¾à¤‚ à¤ªà¤° à¤®à¤¿à¤²à¥‡à¤‚à¤—à¥€ à¤†à¤ªà¤•à¥‹ à¤¸à¤¬à¤¸à¥‡ à¤®à¤§à¥à¤° à¤”à¤° à¤—à¥‡à¤¯ à¤—à¤¾à¤¨à¥‹à¤‚ à¤•à¤¾ à¤–à¥›à¤¾à¤¨à¤¾. à¤²à¤¤à¤¾ à¤®à¤‚à¤—à¥‡à¤¶à¤•à¤°, à¤®à¥‹à¤¹à¤®à¥à¤®à¤¦ à¤°à¥à¥€, à¤¸à¥ˆà¤—à¤² à¤¸à¤¾à¤¬, à¤•à¤¿à¤¶à¥‹à¤° à¤•à¥à¤®à¤¾à¤°, à¤‡à¤¨à¤•à¥‡ à¤¸à¤¬à¤¸à¥‡ à¤¬à¥‡à¤¹à¤¤à¤°à¥€à¤¨ à¤—à¤¾à¤¨à¥‡ à¤¯à¤¹à¥€à¤‚ à¤ªà¤° à¤ªà¥‡à¤¶ à¤¹à¥ˆà¤‚.",18663260301,39500000,"['Music', 'Music_of_Asia']",8457
UCETrW0knlcm6rrvlu07SxEg,Fendi Music,"Fendi Music LÃ  KÃªnh Ã‚m Nháº¡c Cá»§a Sea Team
----------------------------------------------------------------------------------
â˜ LH: contact.seamediamusic@gmail.com
Â© Báº£n quyá»n Video thuá»™c vá» Fendi Music
Â© Copyright by Fendi Music  â˜ Do not Reup
",22971354,97400,"['Electronic_music', 'Music']",262
UChW8_rGquhEVt05v9A4a5Aw,Love Music,"âœ” Welcome to my channel!
âœ” I find music as therapeutic and my channel offers a great and romantic collection of love songs from 70's 80's and 90's. So, Stay tuned, relax and feel the love of my masterpiece.
âœ” Thanks for watching my video!
âœ” Share my channel on social pages (Facebook, Google +, Twitter etc.) so that more people can listen and have fun!
âœ” Don't forget to subscribe to channels to receive notifications about the latest videos.
âœ” Contact : hoangdinhbien93@gmail.com
",156411467,900000,"['Christian_music', 'Music', 'Pop_music', 'Music_of_Asia']",168
UCyKs4L4EULCfySbTybA9bAg,Music Brokers,"Music Brokers is the channel for extended playlists featuring your favorite versions of today's best music. Whether it's reggae, bossa or jazz covers, we represent the artists who love to give a new spin to contemporary classics. While we are best known for our first hits such as Bossa n' Stones and Jazz and '80s, our producers continue to release smooth and sultry covers with excellent musical arrangements such as the VIntage CafÃ© series and Jazz Sexiest Ladies, both well loved brands. We've developed a sound that is ideal for providing places of business such as restaurants, hotels, clubs, spas and shopping centers with soundtracks that evoke the warm sands of Brazil or Jamaica and the voices of our world famous vocalists, such as Karen Souza or Ituana. Welcome to the place where you'll always find the best tunes to keep you company, at work, in the gym or in the car.",801703652,1410000,"['Pop_music', 'Reggae', 'Electronic_music', 'Music', 'Music_of_Latin_America', 'Jazz']",2660
UC1fEkmKYvM8DEFK2pLmxikw,Music with Michal - Fun and Learning for Kids!,"Award winning music and videos for kids! Fun for the whole family! 
Music with Michal creates fun, silly, heartfelt and meaningful content for young children. 


",7044996,16200,"['Music', 'Lifestyle_(sociology)']",200
UCe1X3PMju9AumATVQJFw9Pg,NIU School of Music,"Official YouTube Channel for the Northern Illinois University School of Music

Clips of interviews, performances, masterclasses, instructional sessions and other media from the Northern Illinois University School of Music",4138256,5860,"['Classical_music', 'Music']",1836
UCTPioC8tmJMcpdB-XKMch4Q,music meets heaven,"â€¢ music meets heaven â€¢ ""...apart from You I have no good thing""

""Music Meets Heaven started as a project to discover and promote Christian Music. As of the unexpected success, it has now become part of my day to day life to search for new good music, reach out to artists and labels and most importantly create visually pleasing videos for you to enjoy.

Each upload has undergone a tedious process to ensure only the best quality. Besides providing a platform where you can find new songs and connect with other believers it has become my passion to create outstanding visual material with the recent focus on capturing the beauty of the Holy Land.
I hope you get blessed through music meets heaven & enjoy your stay""

~ Jonathan, founder of music meets heaven


âœ˜Support us
â˜ https://www.patreon.com/musicmeetsheaven

â–For any questions/requests
musicmeetsheaven@gmail.com

Submit Your Songs over here!
https://www.submithub.com/blog/music-meets-heaven",595073838,1600000,"['Christian_music', 'Music']",673
UCmk1rFqvFfPNEPRpcBGYLWg,Accord Electronic Music,"ğŸ‘‹ Welcome to the Accord Electronic Music channel ğŸ‘‹

â¡ï¸ Accord Electronic Music channel is a fantastic place for you to find energetic and lively music suitable for parties and gatherings. We take pride in providing you with dance, EDM, Pop, Hip-hop, and Various other genres of music that guarantee a fun and dynamic experience â¬…ï¸

ğŸ”” We aspire for the Accord Electronic Music channel to become your favorite destination, where you can find suitable music for every occasion and bring joy to your daily life. Don't forget to hit the ""Subscribe"" button to never miss any new music videos or special events on our channel ğŸ””

âœ´ï¸ Together, let's embrace the lively rhythms and make each party an unforgettable experience âœ´ï¸

âœª Contact name: informoonstudio.sunnymedia@gmail.com

",5575244,22100,"['Electronic_music', 'Music', 'Pop_music']",188
UCIdW2PnzoVAfq2o-K9vPAYA,Deep Tune Music,,9460486,13900,"['Christian_music', 'Electronic_music', 'Pop_music', 'Music']",78
UC3zwjSYv4k5HKGXCHMpjVRg,Epic Music VN,"Epic Music VN - Listen To Become A Legend
Epic Music Community where you can find the best of Epic music in many genres: Action, Battle, Adventure, Emotional, Fantasy, Heroic... And of course, our finest collection of Epic Cinematic, when music and movie combined to deliver a whole new experience.

ğŸŒ´ Follow Us
â€¢ Facebook â†’ https://emvn.co/facebook
â€¢ YouTube â†’ https://emvn.co/youtube
â€¢ 2nd Channel â†’ https://emvn.co/youtube2
â€¢ Spotify â†’ https://emvn.co/spotify
â€¢ Discord â†’  https://emvn.co/discord

âœ‰ï¸ Hire Us
â€¢ Portfolio â†’ https://emvn.co/portfolio
â€¢ Post-production service â†’ phong@emvn.co
â€¢ License music in Vietnam â†’ license@emvn.co 

âš¡ Support Us
Become a Patron (monthly) â†’ https://emvn.co/patreon
Buy us a coffee (one-time) â†’ https://paypal.me/emvncoffee

ğŸ“ Submissions
â€¢ Music & Cinematic â†’ http://emvn.co/submitMusic

COPYRIGHT Â© & FAQ 
â€¢ This video was given a special license directly from the artists visual and audio.
â€¢ All music on Epic Music VN are copyrighted

",408576352,1180000,"['Electronic_music', 'Music']",1656
UCd6QrEhWPwV51scUAXtX2cA,Inner Meditation Music,"Welcome to Inner Meditation Music

Inner Meditation Music makes beautiful music for relaxation, meditation, study, yoga, music for deep sleep and more.
Music can change our lives so our mission is to create music videos that can impact you in a positive way. Weâ€™re devoted to growing a place where you can return whenever you need to relax and heal.

I hope my music helps you relax and feel inspired. Peace, Love & Blessings on to you.

Best wishes, 
Michael
_________________________ 
Â© Copyright:
â€£ Contact: hello@beemedia.art
â€£ Footage and images under license (envato, storyblocks, istock, stock.adobe...)
â€£ All right reserved and published by Inner Meditation Music

",35776515,240000,"['Lifestyle_(sociology)', 'Health', 'Music', 'Electronic_music']",359
UC1EQAMo9iWWkq3SuYZ06ZWw,Nekko Music,"Nekko Remix lÃ  kÃªnh nháº¡c tá»•ng há»£p nhá»¯ng báº£n remix hot nháº¥t hiá»‡n nay. CÃ¹ng nghe vÃ  thÆ° giÃ£n sau nhá»¯ng giá» há»c táº­p, lÃ m viá»‡c má»‡t má»i nhÃ© cáº£ nhÃ .

ÄÄƒng kÃ½ kÃªnh giÃºp Nekko Ä‘áº¡t Ä‘Æ°á»£c nÃºt báº¡c nhÃ©

â–º Há»£p tÃ¡c, quáº£ng cÃ¡o, lÃ m video, Ä‘Äƒng nháº¡c lÃªn X2X GROUP liÃªn há»‡ chÃºng tÃ´i qua mail: x2x.booking@gmail.com

Â© Báº£n quyá»n Video thuá»™c vá» Nekko Remix / X2X GROUP
Â© Copyright by Nekko Remix / X2X GROUP  â˜ Do not Reup
",34700634,98500,"['Electronic_music', 'Music']",595
UCLROWpMh8NhZXaY5epOd7dA,Bevis Music,"â–º KÃªnh chÃ­nh thá»©c cá»§a mÃ¬nh ( Bevis Music )

â–º Bevis Music lÃ  kÃªnh ca nháº¡c giáº£i trÃ­ hÃ ng Ä‘áº§u Viá»‡t Nam.

â–º ÄÄƒng kÃ½ kÃªnh ngay Ä‘á»ƒ nghe Ä‘Æ°á»£c nhá»¯ng báº£n nháº¡c hay Ä‘áº³ng's cáº¥p Mixtape, Deephouse, Vinahouse, Nháº¡c chill hay nháº¥t.

â–º GiÃºp mÃ¬nh Ä‘áº¡t 10.000 subscribe nhÃ©.

Â© Copyright Bevis Music
Â© Copyright by Bevis Music â˜ Do not Reup

",909880,2900,"['Pop_music', 'Music', 'Electronic_music']",61
UC6GAYFv6c4HRL0oMaLHyuUw,Daz Music,"Daz Music.

ChÃºng tÃ´i sáº£n xuáº¥t vÃ  phÃ¢n phá»‘i ráº¥t nhiá»u bÃ i hÃ¡t trÃªn ná»n táº£ng Youtube. Vá»›i há»‡ thá»‘ng vá» Ã¢m nháº¡c hÃ ng Ä‘áº§u táº¡i Viá»‡t Nam, Daz Music hi vá»ng Ä‘em Ä‘áº¿n sá»± tÆ°Æ¡i má»›i trong Ã¢m nháº¡c cho nghá»‡ sÄ© vÃ  khÃ¡n giáº£.

â™« Daz Music phÃ¡t hÃ nh nhiá»u sáº£n pháº©m Ã¢m nháº¡c cá»§a cÃ¡c ca sÄ© ná»•i tiáº¿ng : QuÃ¢n AP, Trung QuÃ¢n, Äá»©c PhÃºc, NgÃ´ Kiáº¿n Huy, LÃ¢m Cháº¥n Khang, ChÃ¢u Kháº£i Phong, Há»“ Quang Hiáº¿u, Khá»Ÿi My, Saka TrÆ°Æ¡ng Tuyá»n, Pháº¡m TrÆ°á»Ÿng, LÃª Báº£o BÃ¬nh, Nguyá»…n ÄÃ¬nh VÅ©, KhÃ¡nh PhÆ°Æ¡ng, Anh QuÃ¢n Idol, Wendy Tháº£o vÃ  nhiá»u ca sÄ© ná»•i tiáº¿ng khÃ¡c.

Báº£n Quyá»n
copyrightnamviet@namvietmedia.com.vn
copyright@metub.net
",9322903,36900,['Music'],343
UC62e0b3JqldGsV6jaV2EYRA,BOLERO MUSIC,"â˜… Bolero Music lÃ  kÃªnh tá»•ng há»£p nhá»¯ng nháº¡c pháº©m hay, nháº¡c pháº©m Ä‘á»ƒ Ä‘á»i cá»§a nhá»¯ng nháº¡c sÄ© tÃªn tuá»•i.
â˜… Äáº¿n vá»›i kÃªnh Bolero Music quÃ½ vá»‹ sáº½ Ä‘Æ°á»£c thÆ°á»Ÿng thá»©c nhá»¯ng nháº¡c pháº©m cháº¥t lÆ°á»£ng nháº¥t vá» nháº¡c Trá»¯ tÃ¬nh, nháº¡c VÃ ng Bolero, Nháº¡c LÃ­nh qua cÃ¡c giá»ng ca Ä‘á»ƒ Ä‘á»i vÃ  cÃ¡c ca sÄ© tráº» hay nháº¥t hiá»‡n nay.
â˜… Náº¿u tháº¥y hay thÃ¬ mong cáº£ nhÃ  Ä‘á»«ng quÃªn Ä‘á»ƒ láº¡i 1 Like vÃ  Ä‘Äƒng kÃ½ kÃªnh Bolero Music Ä‘á»ƒ Ä‘Æ°á»£c thÆ°á»Ÿng thá»©c nhiá»u tÃ¡c pháº©m hay ná»¯a nhÃ©.
â˜… ChÃºc quÃ½ vá»‹ nghe nháº¡c vui vÃ  luÃ´n an lÃ nh háº¡nh phÃºc!!!
â˜… Báº£n Quyá»n Thuá»™c Bolero Music Trá»±c Thuá»™c BH MEDIA
â˜…â˜…â˜…â˜…â˜…â˜…â˜…â˜…â˜…â˜…â˜…â˜…â˜…â˜…â˜…â˜…â˜…â˜…â˜…â˜…â˜…â˜…â˜…â˜…â˜…â˜…â˜…â˜…â˜…â˜…
â˜…â˜…â˜…â˜… Cáº¤M SAO CHÃ‰P Vá»šI Má»ŒI HÃŒNH THá»¨C â˜…â˜…â˜…â˜…â˜…
â˜… LiÃªn Há»‡ Báº£n Quyá»n : Copyright@citimusic.vn
LiÃªn Há»‡ Quáº£ng CÃ¡o : contact@sky.pro.vn

",93769681,169000,"['Music_of_Asia', 'Music', 'Pop_music']",1183
UCpHhPOfjPC1Z5iVHTU_3mVg,HL Media Music,"CÃ´ng ty truyá»n thÃ´ng giáº£i trÃ­ Ã¢m nháº¡c Viá»‡t Nam : HL Media Music
FanLink : https://www.youtube.com/@hlmediainc
â—¼Contact :
â–ºEmail: admin@hlmedia.vn
â–ºTruy cáº­p Website : https://hlmedia.vn/
â“’ Báº£n quyá»n thuá»™c HL Media.
â“’ HL Media Music Group, All Rights Reserved.
Vui lÃ²ng khÃ´ng sao chÃ©p dÆ°á»›i má»i hÃ¬nh thá»©c!
",13039629,21300,"['Music_of_Asia', 'Music']",560
UCKCzhWD9rOF74RbOnWXEj9w,Deluxe Music,"Orinn Music lÃ  Ä‘á»™i ngÅ© sáº£n xuáº¥t nhá»¯ng dá»± Ã¡n Ã¢m nháº¡c hÃ ng Ä‘áº§u Viá»‡t Nam.

Náº¯m báº¯t Ä‘Æ°á»£c xu hÆ°á»›ng nghe nháº¡c hiá»‡n nay, Orinn cÃ³ thá»ƒ há»— trá»£ nghá»‡ sÄ© remake láº¡i nhá»¯ng giai Ä‘iá»‡u gá»‘c Ä‘á»ƒ cho ra máº¯t má»™t phiÃªn báº£n má»›i viral hÆ¡n, trending hÆ¡n trÃªn Facebook, Tiktok vÃ  Youtube.

Vá»›i há»‡ thá»‘ng vá» Ã¢m nháº¡c hÃ ng Ä‘áº§u táº¡i Viá»‡t Nam, Orinn hi vá»ng Ä‘em Ä‘áº¿n sá»± tÆ°Æ¡i má»›i trong Ã¢m nháº¡c cho nghá»‡ sÄ© vÃ  khÃ¡n giáº£ nghe nháº¡c.

Má»i thÃ´ng tin liÃªn há»‡ táº¡i: contact@orinn.net
",28918925,83700,"['Electronic_music', 'Music', 'Pop_music']",462
UCSJ4gkVC6NrvII8umztf0Ow,Lofi Girl,"""That girl studying by the window non-stop""

ğŸ§ | Listen on Spotify, Apple music and more
â†’   https://fanlink.to/lofigirl-music

ğŸ’¬ | Join the Lofi Girl community 
â†’   https://bit.ly/lofigirl-discord
â†’   https://bit.ly/lofigirl-reddit

ğŸŒ | Lofi Girl on all social media
â†’   https://bit.ly/lofigirl-sociaI
",1863686352,14000000,"['Film', 'Entertainment', 'Music']",137
UCLcinD6lQkNGZeyL19rBc-A,Tee Music,"â¥ KÃªnh tá»•ng há»£p - quáº£ng bÃ¡ sáº£n pháº©m Ã¢m nháº¡c cá»§a cÃ¡c DJ rá»™ng rÃ£i Ä‘áº¿n má»i ngÆ°á»i nghe â¥
- Nhá»› like page cho mÃ¬nh nha :
- Náº¿u cÃ¡c báº¡n Ä‘á»c Ä‘áº¿n Ä‘Ã¢y thÃ¬ mÃ¬nh cáº£m Æ¡n cÃ¡c báº¡n .
- Link nháº¡c mÃ¬nh Ä‘á»ƒ á»Ÿ mÃ´ táº£ cÃ¡c báº¡n áº¥n vÃ o link Ä‘á»ƒ nghe nhá»¯ng báº£n nháº¡c cháº¥t lÆ°á»£ng tá»« nhá»¯ng DJ nhÃ©.
- Nháº¡c hay áº£nh Ä‘áº¹p nhá»› Like ,Share , ÄÄƒng kÃ­ kÃªnh nghe nhiá»u báº£n nháº¡c má»›i nháº¥t nhÃ©...
- CÃ¡c báº¡n Ä‘Äƒng kÃ­ kÃªnh giÃºp mÃ¬nh lÃªn 1.000.000sub nhÃ©  .
- Náº¿u cÃ³ váº¥n Ä‘á» báº£n quyá»n , há»£p tÃ¡c, Ä‘Äƒng nháº¡c lÃªn kÃªnh.... liÃªn há»‡ vá»›i mÃ¬nh qua mail

Cáº£m Æ¡n cÃ¡c báº¡n !
",39720182,237000,"['Electronic_music', 'Music']",453
UCGymn1uw0YKH8CjT6nJ8RxQ,YukinoZ Music,"Hello everyone, I am Yukino

If you come by, you can support me to hear many new music videos and I hope you have a great time on my channel, have a nice day.
â–¬â–¬â–¬â–¬â–¬â–¬â–¬â–¬â–¬â–¬â–¬â–¬â–¬â–¬â–¬â–¬â–¬â–¬â–¬â–¬â–¬â–¬â–¬

You think Forever and Eternity are the same thing. Because you never get it.
",2301499,5140,"['Music_of_Asia', 'Pop_music', 'Electronic_music', 'Music']",508
UCo5TlU2TZWVDsAlGI94QCoA,Thought Adventure Podcast,,1053137,17000,"['Knowledge', 'Religion', 'Society']",108
UCytudPHtHx5egRNLTGv5Pjw,Road Podcast,"Welcome to the R.O.A.D. Podcast. Â The show gives you unfiltered opinions from the eyes and ears of 3 seasoned DJs from the Las Vegas nightclub industry. DJ Crooked and DJ Neva come to us by way of New York; Manhattan and The Bronx respectively. Both relocated to Vegas in the early 2000s to open, what was then, Light and Jet Nightclub. Â  Crooked is known for his workhorse mentality, and high-energy DJ sets, but has never been one for the industry politics. Â While DJ Neva has earned his OG status due to his countless years of experience in the DJ game. In 2007, they brought a piece of home with them by founding KNYEW (an acronym for â€œKeeping New York Every Where), a successful clothing brand, the first of its kind to be seen in Las Vegas. Similarly, Jaime Da Great grew up in LA. Jaime, while making a huge name for himself in the sneaker industry, has shifted his focus to becoming a full-time DJ.   ",595985,6580,"['Music', 'Hip_hop_music', 'Entertainment']",329
UC99hyfVlVP17XOic3K1_IvQ,Dr. Shawn Baker Podcast,"Podcast by Dr. Shawn Baker MD. brought to you by Carnivore.Diet. Carnivore.Diet is a community platform helping people implement a carnivore-based elimination diet. We provide coaching, online group meetings, VIP forum, and the largest library of success stories. Join us today and get a 30-day FREE trial! https://carnivore.diet/join
",8964061,71900,"['Society', 'Health', 'Lifestyle_(sociology)']",1602
UCB48D9vFzR2OKW53uI4q5Aw,How to Spanish Lessons & Podcast,"Â¡Hola! This channel is all about Spanish lessons and podcasts to help you improve your Spanish vocabulary, Spanish grammar and to help you get exposure to real-life language. You can find:

âœ…Intermediate/advanced podcast episodes
âœ…Spanish lessons
âœ…Fun Spanish vocabulary videos
âœ…Spanish vlogs
âœ…Spanish Livestreams

Be part of our awesome community of people who learn Real-Life Spanish. We are happy and proud creators of spaces where students can learn, grow and ğŸš€THRIVE. We'd love for you to join too!

HOSTS:
David and Ana, Mexican ğŸ‡²ğŸ‡½ former Spanish teachers, full-time Spanish content creators. We LOVE learning new things and we're sure we can help you LOVE learning Spanish too

ONLY for PODCASTS: Transcripts and exclusive study content ğŸ‘‰ğŸ¼ https://www.patreon.com/howtospanishpodcast
Instagram â¤ï¸@howtospanish_podcast
",4346664,70600,"['Lifestyle_(sociology)', 'Knowledge', 'Society']",351
UCWmSRk6eSvk7FBDL1AmfcaA,Bu Podcast,Bizning asosiy maqsadimiz odamlarga yaxshi kayfiyat ulashish,3192683,25900,['Entertainment'],137
UCWHeOvQs6p-9KcMtvV0sNmQ,The Babylon Bee Podcast,The official YouTube channel for the only authorized and inerrant podcast of The Babylon Bee.,8712802,70800,"['Politics', 'Entertainment', 'Religion', 'Society']",290
UCKegeYEy0lJxpkjWRthaRMw,Think Media Podcast,"Unfiltered YouTube tips for building a profitable channel.

Our company, Think Media, is a team of content creators committed to bringing you weekly conversations around building your YouTube channel, personal brand, and business with online video.

And over the last 10 years, we've created and refined the #1 YouTube Strategy Course in the world - Video Ranking Academy. Our courses and community have helped over 12,000 content creators & entrepreneurs tackle their goals. 

Our mission is to help ONE MILLION purpose-driven people go full-time doing what they love and making an impact through the power of video. 

Here are the ways to work with us here at Think Media: 

âš¡ï¸FREE CLASS: Watch our FREE YouTube class â¡ï¸ ThinkMasterclass.com 

âš¡ï¸#1 YOUTUBE STRATEGY COURSE: Join our YouTube Course & Community TODAY â¡ï¸ JoinVRA.com

âš¡ï¸BOOK: Check out the #1 best selling book YouTube Secrets â¡ï¸ YTsecrets.com
",10471535,169000,"['Society', 'Lifestyle_(sociology)', 'Knowledge']",874
UCLfaW3fd5Oo-nFvKsL_1CfQ,TSL Movie Podcast,"Whilst never claiming to be experts, Frank and Darren love to look at movies and talk about their own personal experiences, knowledge and connections to them. 


",1178443,6170,"['Film', 'Entertainment']",471
UCODwphyohBn9u8-FVWfbQ7g,Cover 3 Podcast,"The Cover 3 College Football podcast is the No. 1 CFB show. It sticks to college football, but hosts Chip Patterson, Tom Fornelli, Danny Kannell, and Bud Elliott don't take themselves too seriously. Drop us a question about college football! ",10910330,42300,"['Sport', 'American_football']",2309
UCEcrRXW3oEYfUctetZTAWLw,WVFRM Podcast,"A tech podcast for the gadget lovers and tech heads among us from the mind of Marques Brownlee, better known as MKBHD. MKBHD has made a name for himself on YouTube reviewing everything from the newest smartphones to cameras to electric cars. Pulling from over 20 years of experience covering the tech industry, MKBHD and co-hosts Andrew Manganelli and David Imel will keep you informed and entertained as they take a deep dive into the latest and greatest in tech and what deserves your hard earned cash. New episodes every week. Waveform is part of the Vox Media Podcast Network.
",50012352,374000,"['Technology', 'Lifestyle_(sociology)']",167
UCFPElAbES8GHfBZrDrGbSLQ,What's Good Podcast,The official YouTube channel for the What's Good Podcast with Miniminter & Randolph,391013802,1000000,"['Entertainment', 'Lifestyle_(sociology)']",2460
UCHQer4vtqFcDs7HeoglgQfA,Making It Podcast,"Making It is a weekly audio podcast hosted by Jimmy Diresta, Bob Clagett and David Picciuto. Three different makers with different backgrounds talking about creativity, design and making things with your bare hands.",230338,7760,"['Entertainment', 'Lifestyle_(sociology)', 'Technology']",220
UCG3LI4xlWEeL9gnV-DA6JJQ,Gotham City Podcast,"Home Of The Gotham City Podcast, hosted by Levy Rozman (GothamChess). ",539661,24000,"['Hobby', 'Lifestyle_(sociology)', 'Video_game_culture', 'Television_program', 'Entertainment']",33
UCntVA_hXbqPgy_5jRz5219w,Yarnmugs Podcast,"I'm Sarah from the UK. I knit and crochet every day and Iâ€™m also a sewer and make my own clothes. I love reading, my family and the simple things in life. 

Find me at http://instagram.com/yarnmugs",177360,2620,"['Hobby', 'Lifestyle_(sociology)']",170
UCLtREJY21xRfCuEKvdki1Kw,H3 Podcast,The official podcast of Ethan and Hila Klein of h3h3productions.,1272745747,2910000,"['Film', 'Lifestyle_(sociology)', 'Entertainment', 'Society']",1071
UCCbCjMq1m6Kjok4OGuO7CSQ,ALL NBA Podcast,"The ALL NBA Podcast is the official national basketball podcast of the ALLCITY Network. With four shows a week, hosts Adam Mares and Tim Legler take you inside the game with in-depth analysis and top-notch guests. ",895614,9660,"['Sport', 'Basketball']",125
UCaKXVwEGd5AKuGsnf2x_baw,Jarrod Kimber podcasts,,1819840,7270,"['Society', 'Lifestyle_(sociology)', 'Sport', 'Cricket']",255
UCs0e_9h1VqhfvJku59dftKg,Sunhuyn Podcast,"ChÃ o cÃ¡c báº¡n, mÃ¬nh lÃ  Sun. CÃ¡c báº¡n Ä‘ang láº¯ng nghe Sunhuyn Podcast.
Náº¿u cÃ³ nhá»¯ng ngÃ y cáº£m tháº¥y chÃªnh vÃªnh hÃ£y quay vá» Ä‘Ã¢y vÃ  yÃªu láº¥y chÃ­nh mÃ¬nh. CÃ¹ng láº¯ng nghe vÃ  tháº¥u hiá»ƒu.

â« Káº¿t ná»‘i vá»›i Sun:
Podcast: https://anchor.fm/sunhuyn
Youtube Sunhuyn: https://www.youtube.com/sunhuyn95
Fanpage: https://www.facebook.com/sunhuynvlog/
Instagram: https://www.instagram.com/sunhuyn/
TikTok: https://www.tiktok.com/@sunhuynn?

#sunhuynpodcast
",6023778,127000,['Lifestyle_(sociology)'],114
UC6-idkIENcqobRy0s9Jc5Yw,Drum History Podcast,Drum History Podcast is a weekly podcast about the rich history of the drums. New episodes every Tuesday!,1248376,12500,"['Music', 'Rock_music']",291
UCADVRJMuJV07vEhGn0DcO_Q,Good Good Podcast,,461276,95300,"['Golf', 'Lifestyle_(sociology)']",5
UCXS613dlRxDheQoLb2fPCmw,followHIM Podcast,"Join hosts Hank Smith and John Bytheway as they interview experts to make your study for The Church of Jesus Christ of Latter-day Saintsâ€™ Come, Follow Me course not only enjoyable but original and educational. If you are looking for resources to make your study fresh, faithful, and fun--no matter your age--then join us every Wednesday morning for the following week's study.

Show notes:  https://followhim.co
Instagram: https://www.instagram.com/followhimpodcast/
Facebook: https://www.facebook.com/followhimpodcast

",19453421,98900,"['Religion', 'Society']",488
UCz4bh2ppqACeF7BdKw_93eA,The Unfound Podcast Channel,"Unfound is a missing persons podcast. It comes out every Friday at 2pm ET on iTunes, Spotify, Deezer, Google Play, Stitcher, YouTube (with video), and many other platforms.

Website:  https://theunfoundpodcast.com/
",2007619,16900,['Society'],1159
UCIsAVvoXseBh3FOzzhpO8rg,Pelas Pistas Podcast,"Pelas Pistas Ã© um canal para os apaixonados por velocidade.
Aqui vocÃª encontra informaÃ§Ã£o sobre as principais categorias do automobilismo, anÃ¡lises, previsÃµes e ainda vai descobrir histÃ³rias de bastidores, nunca antes contadas!
Sob o comando dos pilotos Christian Fittipaldi e Nelsinho Piquet e do narrador Thiago Alves.
Toda terÃ§a-feira Ã s 21h. 

Produzido por Pod360
PatrocÃ­nio Pitstop
",15983415,56000,"['Lifestyle_(sociology)', 'Sport', 'Motorsport', 'Vehicle']",794
UCp19Fe825xb3Zx_lYgRpM5g,Crash Dummies Podcast,"Two friends talking about current events and about scenarios that probably will never happen.

For business inquiries: crashdummiespodcast@gmail.com

",3440982,67400,"['Entertainment', 'Film']",344
UCk5L8UqKSDwedgZBia8ccuQ,The Andrew Price Podcast,,382129,10800,"['Lifestyle_(sociology)', 'Knowledge']",38
UCXHuyohKKivc389LD8ET7QQ,+/- Podcast,"O 1Âº podcast da Baixada Fluminense!

Entre em contato para divulgaÃ§Ã£o de marcas ou sugestÃ£o de convidados
ğŸ“©: contato@maisoumenospodcast.com.br
",14713139,73700,"['Sport', 'Society', 'Religion']",1212
UCESLZhusAkFfsNsApnjF_Cg,All-In Podcast,"Chamath Palihapitiya, Jason Calacanis, David Sacks & David Friedberg cover all things economic, tech, political, social & poker.

Follow the besties: 
https://twitter.com/chamath
https://twitter.com/Jason
https://twitter.com/DavidSacks
https://twitter.com/friedberg

Follow the pod: 
https://twitter.com/theallinpod
",50132754,458000,"['Politics', 'Society', 'Knowledge']",211
UCl_GorAVekpEVDlk1Yc8giw,Its Up There Podcast,"ğŸ§ Welcome to Its Up There podcast! ğŸ™ï¸ For More Content come to Patreon! Its Much More That U Dont See

ğŸ”¥ Check out our latest episodes and join the conversation as we dive into various topics and bring you captivating interviews. Don't forget to subscribe to stay updated!

ğŸ’° Support us on Patreon: [https://www.patreon.com/itsuptherepodcast]

ğŸ›’ Grab your It's Up There Podcast merch: [https://fogfo-apparel.creator-spring.com/listing/its-up-there-podcast-merch?product=2&variation=2122]

ğŸ§ Listen to us on Spotify: [https://open.spotify.com/show/4Jheeb8FxYVDRo8khyrz36?si=e339dD2JRte2MYX2Uon3BQ&nd=1]

ğŸ“º Subscribe to our YouTube channel: [https://www.youtube.com/channel/UCl_GorAVekpEVDlk1Yc8giw]

ğŸ™ï¸ Listen on Apple Podcasts: [https://podcasts.apple.com/us/podcast/its-up-there-podcast/id1317524092?uo=4]

ğŸ“² Follow us on Instagram: [https://www.instagram.com/fogfo_looney/]
ğŸµ TikTok: [https://www.tiktok.com/@fogfo_looney]
ğŸ’ Join us on Patreon: [patreon.com/itsuptherepodcast]



",8651615,68900,"['Entertainment', 'Music', 'Society', 'Hip_hop_music']",504
UC2Q-Uk6OKdgpt3Zn6uJXX_A,Doug Polk Podcast,,1616236,45500,"['Lifestyle_(sociology)', 'Society', 'Knowledge']",37
UCdUC_B181v9JezC-8T4ebEg,Ten Minute Podcast Compilations,"Follow @tenminpodfriends on Instagram


",8053541,16800,"['Film', 'Entertainment', 'Television_program']",79
UCwjVjMU0tj2dn93rbWZs9_w,Spitballers Comedy Podcast,"Comedy podcasts are the best, but it's not easy to find clean comedy podcasts that are actually FUNNY! Welcome to the Spitballers Podcast with the award-winning trio of Andy, Mike, and Jason. These three dads will make you laugh as they discuss ridiculous topics, answer life's most difficult questions, and dish out life advice that you should never, ever take. We all need a little nonsense in our everyday lives.  Be a part of one of the best audiences around and enjoy a comedy podcast for the whole family with new episodes every Monday morning! The one comedy podcast you can't leave off your podcast roster.  Award-winning comedy every week!
",3906971,24300,"['Television_program', 'Entertainment', 'Film']",432
UCSGx5Pq0zA_7O726M3JEptA,Pack-a-Day Podcast,"Andy Herman & the Pack-A-Day team bring you this new and exciting daily Packers videocast. For 365 days a year, this is your new, number one source for one-of-a-kind Packers content every single day of the year. We've designed a new series for Packer fans so that you can stay up-to-date with every piece of Packers information including news, rumors, game reviews, player grades, NFL Draft information, and much, much more! Join us everyday for an all new episode of the Pack-A-Day podcast!",8124835,21500,"['Sport', 'American_football']",1671
UCEWo2BUWvCgRXSD1Xg3QOtQ,The Rough Cut Golf Podcast ,"Spotify Podcast Link - https://open.spotify.com/show/6RarAwS3zAv91okDghrhL5?si=sgdbjVyxTh-tAT-uMiHyUg
Apple Podcast Link - https://podcasts.apple.com/gb/podcast/the-rough-cut-golf-podcast/id1663329120

The Rough Cut Golf Podcast is part of the Finch Golf Media Network.
",3846229,17600,"['Sport', 'Golf', 'Lifestyle_(sociology)']",168
UCFoZROBgY5XDzY1JnBwruaA,Hidden Power Podcast,"No. 1 PokÃ©mon Podcast for in-depth PokÃ©mon Analysis, Theories, and Discussion.

Hosted by DustyGogoat, LumiosePost & SoulSilverArt. 

We discuss PokÃ©mon topics such as PokÃ©mon Scarlet & Violet, Gen 9 DLC, PokÃ©mon Legends Arceus, Johto Remakes, Gen 5 Remakes, Generation 9, PokÃ©mon Rumors, PokÃ©mon Leaks, etc.

Send us mail! We will answer your questions and listen to your voicemail live on the show.
",519930,4520,"['Video_game_culture', 'Role-playing_video_game']",119
UCGX7nGXpz-CmO_Arg-cgJ7A,PBD Podcast,"The PBD Podcast is hosted by Patrick Bet-David where he discusses a wide range of topics from business to current events, politics and sports. The show takes place in a VAULT two times a week and is based out of the Valuetainment studio in Fort Lauderdale.",281664990,1650000,"['Politics', 'Society']",1290
UCw5RoKFMqm9QexzDpABz2qw,Laugh Daily Podcast,The Laugh Daily Podcast ,3522105,88600,"['Entertainment', 'Lifestyle_(sociology)']",77
UCY5SpBjSLw7KRiqtvjUJFPQ,Jon Mallia Podcast,"L-aktar Podcast popolari f'Malta. Diskussjoni Ä§ielsa fejn niltaqa' ma kull xorta taâ€™ persuna biex niddiskutu kull xorta taâ€™ Ä§sieb. Bla aÄ¡enda. Bla Ä‹ensura. Bla limitu ta' Ä§in.

*************************************************

SIR MEMBRU MAGÄ¦NA

Patreon https://www.patreon.com/jonmallia

YouTube https://www.youtube.com/channel/UCY5SpBjSLw7KRiqtvjUJFPQ/join

*************************************************

GÄ§al iktar informazzjoni Å¼ur https://www.jonmallia.mt

#jonmallia #malta

*************************************************

TÄ§abbeb MagÄ§na

Patreon  https://www.patreon.com/jonmallia

YouTube  https://www.youtube.com/jonmalliapodcast

Facebook https://www.facebook.com/jonmalliaofficial

TikTok  https://www.tiktok.com/@podcasttajon

Instagram https://www.instagram.com/jon.mallia

Tista wkoll tkellimna fuq pa@jonmallia.mt
",2231895,10900,"['Technology', 'Society', 'Lifestyle_(sociology)']",995
UCY6xfL1cyfGQ5RjKR_25x-g,The Daily Ketchup Podcast,"The official channel for the The Daily Ketchup Podcast.

A news commentary podcast on the latest or weirdest happenings in Singapore and around the world, with a little bit of sauce.

New videos every Monday and Thursday, 6pm. (Sometimes Sunday at 5pm!)

From the people that brought you MOSG and Real Talk.

For business/sponsorship enquiries: singapore.sales@grvty.media
",26931682,101000,"['Society', 'Entertainment']",583
UCZ8_-dTIxnLOLt3jfH5XHJw,Broken Record Podcast,Liner notes for the digital age.,9505615,128000,"['Rock_music', 'Music']",249
UCCS0iBmTXAlS43p7fYWf0kQ,Nighttime Podcast - Youtube Channel,"The YouTube home of the Nighttime Podcast, covering Canadian crime, mysteries, and the weird.

Live episode recordings are often streamed here, but rarely archived here. You can hear past episodes at nighttimepodcast.com",633009,9450,"['Lifestyle_(sociology)', 'Society']",474
UC4SE6c97Qjscv4lfjaCMkMQ,Against All Odds Podcast,The Official Podcast of Matt Sheldon from Become Elite and Mimi Estelle. New podcasts every Monday and Thursday!,755546,13700,"['Sport', 'Lifestyle_(sociology)', 'Association_football']",123
UCy-aGhYZH6A16eCIM4qqoEg,R&B Money Podcast,"The R&B Money Podcast is an essential listen for dedicated R&B fans. Hosted by the iconic Grammy-winning singer, songwriter, and producer TANK and his business partner, multi-platinum songwriter and executive J. Valentine. This podcast delves into the history and future of R&B and Soul, featuring stories, insights and interviews with some of the industry's most renowned  producers, songwriters, artists, and executives. With behind-the-scenes stories and tips for success , The R&B Money Podcast offers a unique, fly space for R&B enthusiasts to reminisce, discover, and explore the genre like never before.

Official Youtube channel of the R&B Money Podcast.

",25254104,219000,"['Hip_hop_music', 'Music', 'Rhythm_and_blues', 'Pop_music']",516
UCdXsq_0BeYE5OHnrKuFGhHA,The Origins Podcast,"The Origins Podcast features in-depth CONVERSATIONS (not interviews) with some of the most interesting people in the world about the issues that impact all of us in the 21st century. Host, theoretical physicist, lecturer, and author, Lawrence M. Krauss, will be joined by guests from a wide range of fields, including science, the arts, and journalism. The topics discussed on The Origins Podcast reflect the full range of the human experience - exploring science and culture in a way that seeks to entertain, educate, and inspire.

See the exclusive, full HD videos of episodes at www.patreon.com/originspodcast
",12713439,154000,"['Society', 'Entertainment']",353
UC_7OWvMdbk9XpnkmpAo9ZyQ,The Residency Podcast,"Las Vegas is the worldâ€™s most eclectic hub for entertainment, pop culture, sports and business. The Residency Podcast delivers a voice for all this through insights into current cultural moments, opinions on major headlines and interviews with incredible guests. Presented by Mandalay Bay 

Listen on Apple Podcasts: https://podcasts.apple.com/us/podcast/the-residency-podcast/id1498286175

Listen on Spotify: https://open.spotify.com/show/5OI9N3lhEAWNqbwjldtkRY?si=9lIhXtCpR0WqMGBJJ5V5Ag

",64606999,34800,['Entertainment'],536
UCdefE7iG6lboOMr7svVcQIQ,Air Time Podcast,"A snowboard podcast by Jody Wachniak. 

Visit - www.airtimepodcast.com

Presented by - www.vans.com 
Beverage - www.monsterenergy.com
Supported by  - www.gibbonswhistler.com
Shop Sponsor - www.sourceboards.com
Goggles / Eyewear - www.ashburyeyewear.com

Support the show - join the family!
https://www.patreon.com/airtimepodcast

",150716,1570,"['Sport', 'Lifestyle_(sociology)']",143
UCuOvxGO_upzt20Ckvk7o-PQ,The Behavioral Observations Podcast,"The Behavioral Observations Podcast features interviews with leaders in the field of Behavior Analysis. We discuss topics such as Applied Behavior Analysis (ABA), Autism treatment, Organizational Behavior Management (OBM), Acceptance and Commitment Therapy (ACT), BACB Code of Ethics, Functional Behavioral Assessment (FBA), and more! If you're a Board Certified Behavior Analyst (BCBA) who travels a lot for work, consider this podcast your in-ride professional development!",178669,3780,"['Lifestyle_(sociology)', 'Knowledge', 'Health']",255
UCzyGUvYZCstptNQeWTwfQuA,Anglo-Saxon England Podcast,,34424,976,"['Religion', 'Knowledge', 'Society']",47
UCb6MBAF_HCWAtdmKei22wPA,The Loan Officer Podcast,"This podcast is designed to educate, motivate, entertain and inspire all. Donâ€™t let the name fool you - this is everything you should have learned in high school but were never taught. While there are episodes geared specifically towards mortgage professionals â€“ the overall content will encapsulate the world of personal finance, career advice, sales training, business mentorship, paying off debt, increasing your credit score and much more.  

Whether youâ€™re a loan officer looking for training, career advice, a graduate looking to pay off debt or a C-Level executive looking to expand your business - this podcast has something for you. 

So tune-in, like, subscribe and share. By the way, we love your feedback â€“ hit us up LinkedIn, Facebook, Instagram or YouTube. 

ABOUT THE HOST
Dustin Owen is a certified mortgage banker and a 15+ year veteran of the mortgage industry â€“ who started his career as a loan officer â€“ and now helps run one of the largest regions for Waterstone Mortgage.

",1175481,18000,"['Knowledge', 'Society']",574
UCF494AxFwZl2BG3ySp9ehsQ,The Nick Bare Podcast,"I provide an unfiltered look into health, fitness, nutrition, entrepreneurship, and human optimization through the perspectives of the world's most incredible individuals. These are powerful, deep conversations designed to educate, inspire, and challenge you to unlock your full potential to create the life you desire.

Follow on Instagram - https://www.instagram.com/nickbarefitness/
",1419263,48200,"['Lifestyle_(sociology)', 'Health']",94
UChP21E_thSAqbvHeyeHmc3w,The Two Norries Podcast,"The Two Norries Podcast is based on the Northside of Cork City in Ireland and is themed around addiction, recovery, mental health and well-being.

In Cork people from the northside of the city are known locally as â€˜Norriesâ€™. James and Timmy are both from the northside of Cork city and their podcast covers themes across the social and health sphere with a particular focus on addiction, drug use, crime and recovery.

Guests include peopleâ€™s personal stories of overcoming adversity as well as professionalsâ€™ perspective on issues discussed in the podcast. The podcast is designed to be informative, sensitive and educational while having a laugh in the process.

Tough issues are spoken about and explained with sensitivity and humour with the hope of reducing stigma and stereotypes.

Thank you for showing an interest in what we're trying to achieve and we hope you enjoy our content.
",1293696,13300,"['Health', 'Society', 'Lifestyle_(sociology)']",279
UCG0FxF6ByyzbYHl_x40TD4g,Lutz Podcast,,10151932,210000,"['Health', 'Lifestyle_(sociology)', 'Knowledge', 'Society']",221
UC-UAjE8c_akIoNhGIUerAPQ,Raiders Of The Lost Podcast,"The Ultimate Film & TV Podcast! Listen to full episodes on Apple, Spotify, Google & Amazon Music!!! ğŸ¿ğŸ¿

We break down everything from Marvel, Star Wars, DC, Lord Of The Rings and Harry Potter to our favorite Horror, Sci-fi, Indie and Classic Films!
",4088032,35200,"['Film', 'Entertainment']",639
UCYIG77MzbUQ40aaWF3nX2FA,ReelBlend Podcast,"ReelBlend is a CinemaBlend movies podcast featuring CinemaBlend Managing Director Sean Oâ€™Connell, Fox 5 DC Entertainment Reporter Kevin McCarthy and Fox 32 Chicago Entertainment Reporter Jake Hamilton. Join them each week as they discuss the latest entertainment news, review new movies hitting the big screen and tell stories about working as entertainment journalists.

Merch coming soon ğŸ”¥
",4224971,18100,"['Entertainment', 'Film', 'Television_program']",306
UC1MnSMEd1zebuiSta_tCOKQ,The SBL Podcast,"Hey, welcome to the SBL Podcast YouTube Channel!

If youâ€™re a bassist â€” youâ€™re in the right place. Join Scott Devine and Ian Allison from SBL as they dissect every aspect to being a bass player - professional or hobbyist - from basses and gear hacks, to musicianship and gig tips, all the way to mental health and what the future might hold for the music industry. 

If you're interested in taking your bass playing to the next level, come and check out http://scottsbasslessons.com. It's the coolest place to learn bass on the interwebs, and we'd be honoured to have you!  

",714580,8980,"['Rock_music', 'Music']",128
UC_s6KOHNVgR-nblrryG9RHA,Team Never Quit Podcast,"Each week join Retired Navy SEAL Marcus Luttrell, who takes you into the â€œbriefing roomâ€ to chat with incredible guests who share their greatest never quit stories. This humorous, heartfelt and entertaining podcast is changing lives and has become a beacon of hope and resilience to those who are facing the impossible. One of the best ways we can support our community is to share their stories so that we might inspire others to Never Quit.",7494923,109000,['Society'],279
UCGeBogGDZ9W3dsGx-mWQGJA,IMPAULSIVE,"The world's greatest, most thought-provoking, mentally stimulating podcast in the history of mankind... hosted by a bunch of idiots.",725508998,4580000,"['Television_program', 'Lifestyle_(sociology)', 'Film', 'Entertainment']",421
UCrcfWo4ENnFUEUGphUeMhRw,Let It Fly Podcast,"Hosted by Tin Gamboa and basketball veterans Jared Dillinger, Gabe Norwood, Sol Mercado, and Joe Devance, the show tackles the most polarizing issues in and around the game, including culture, social justice, music, and more.
",918096,23400,"['Sport', 'Basketball']",27
UCjeqviBoLp-rsvPaelT8b5Q,The Astrology Podcast,"The Astrology Podcast is a weekly show about all things astrological, hosted by Chris Brennan.

Chris is a professional astrologer from Denver, Colorado, USA. He specializes in ancient astrology, and is the author of the book Hellenistic Astrology: The Study of Fate and Fortune.

The Astrology Podcast was started in 2012, with the goal of providing intermediate and advanced level discussions about astrological topics, ranging from explorations of specific techniques, to treatments of issues pertaining to the history and philosophy of the subject.

Episodes are typically released once a week, and the best way to follow the show is by subscribing either here or through our page on Patreon.

For more information about my work see the websites linked to below.",18097750,185000,"['Lifestyle_(sociology)', 'Religion', 'Society', 'Knowledge']",498
UCTGRVqd_Qe5SReK89Fw7eLg,Stephen Tries Podcast,The home of the Stephen Tries Podcast. We post weekly podcast episodes covering nearly every topic (as long as we have an anecdote about it),11934031,115000,"['Film', 'Entertainment']",117
UChPuCAEXg7iYkVNjQY1NGYg,FULL SEND PODCAST,Hosted by Kyle Forgeard & friends.,354503452,2130000,"['Lifestyle_(sociology)', 'Entertainment']",107
UCI_mZTC4UmH2ICN5MBbrDrQ,Fighter Pilot Podcast,"The Fighter Pilot Podcast is the internet show that explores the fascinating world of air combat: the aircraft, the weapons systems, and most importantly--the people. The show was founded and is hosted by former U.S. Navy F/A-18 and F-16 pilot, Vincent ""Jell-O"" Aiello.

Visit our website: https://www.fighterpilotpodcast.com/

For exclusive content and to help support the show, visit our Patreon page: https://www.patreon.com/ftrpltpdcst

For advertising, partnerships, or other business opportunities, please contact: FPP@seenandherd.co
",19100167,118000,"['Vehicle', 'Society', 'Lifestyle_(sociology)']",248
UCOiVZjub9KteAS21qTCCIPQ,Podcast NhÃ¢n Sá»±,"KÃªnh tri thá»©c vá» ká»¹ nÄƒng quáº£n trá»‹ nhÃ¢n sá»± vÃ  phÃ¡t triá»ƒn tá»• chá»©c Ä‘Æ°á»£c phÃ¡t sÃ³ng hÃ ng tuáº§n tá»« thÃ nh phá»‘ San Francisco, Hoa Ká»³",391742,11100,"['Business', 'Knowledge']",116
UC5NfsGQVCBs99g58SsnSagg,VT Podcast,"O podcast mais experiente da internet!
Acesse: https://vtpodcast.com.br
",26438344,204000,"['Entertainment', 'Lifestyle_(sociology)', 'Society']",288
UCYVsxOn_oVPKZJZ06nQPLLw,It's Not Only Football Friday Night Lights Podcast,"Hut-Hut! Join Friday Night Lights co-stars Scott Porter (aka Jason Street), Zach Gilford (aka Matt Saracen), and FNL superfan Mae Whitman every Thursday for It's Not Only Football: Friday Night Lights and Beyond. Relive the glory days as the group discusses their favorite moments and memories, share never before told stories, and answer your questions! Throughout the show Scott, Zach, and Mae will break down episodes of Friday Night Lights, giving exclusive behind the scenes stories, as well as the latest going on in their lives today beyond FNL.  Plus, fun segments, challenge flags, and featured guests from fellow cast members to close friends and colleagues who have been influenced by the show. Clear Eyes, Full Hearts, CAN'T LOSE!!",817959,11700,"['Film', 'Sport', 'Entertainment', 'Television_program']",64
UCkLUQ2TIUuuaRfNP3VwHR5A,Teachers Off Duty Podcast,,366903481,866000,"['Film', 'Entertainment']",1658
UCFULBvlxNWW8cWsrV6fGrcw,That Peter Crouch Podcast,"Official YouTube channel for the UK's favourite podcast with Peter Crouch and Chris Stark. Here you will get to watch the boys record the pod, get behind the scenes and enjoy all the laughs as they happened in the pub.",9519452,115000,"['Entertainment', 'Sport', 'Association_football']",143
UCwDbo_sKQX-ymY3d-Q1HxGQ,The Judgies Podcast,"Hangout with Christian, Erika, and Josh as we curate hilarious/odd stories from the internet and judge accordingly. Come be judgy with us!

Business Email: judgiespod@gmail.com
",2974615,46300,"['Film', 'Entertainment']",313
UChF5O40UBqAc82I7-i5ig6A,Bloomberg Podcasts,Official home of Bloomberg Podcasts. Visit https://www.bloomberg.com/podcasts. ,4659628,32400,"['Politics', 'Society', 'Knowledge']",4220
UCuaIy5fmf85DkOnUUdn4ihQ,OfflineTV Podcast,"We're OfflineTV! We are a group of content creators who got our start in gaming. Now we live in a house together and make cool videos. This is our official podcast, available on YouTube, Spotify, and Apple Podcasts.

Episodes release every other week on Mondays. Enjoy!

Michael Reeves
Disguised Toast
LilyPichu
Pokimane
Scarra
Yvonnie
Sydeon
Masayoshi
QuarterJade
",181784575,591000,['Entertainment'],246
UCgbvazhy9jdrA1s0TDrwJCA,TECHonomics Podcast,,855697,5170,"['Action_game', 'Video_game_culture', 'Technology']",236
UChvWicmP0krcKyE5KHR9Mdg,Cimorelli Podcast,"Welcome to the Cimorelli Podcast! We are five sisters with wacky lives that get us into strange and entertaining situations. On our show we talk about relationships, sisterhood, faith, love, food, makeup,ghost stories, mini vans and MORE ğŸ’– Laugh with us! Cry with us. Get real with us. Join the fam! Subscribe and press the bell so you never miss out! ğŸ™ŒğŸ¼",7085881,66200,"['Film', 'Entertainment']",261
UC5m3zGvEZmjjQI5VVTZrR7g,Detroit Lions Podcast,"This is the video home of the Detroit Lions Podcast. We live stream our coverage of the Detroit Lions via a weekly podcast, vlogs, game previews, post game shows, game day drinks and cocktails, as well as our coverage of the Senior Bowl, Shrine Bowl, NFL Draft, NFL Combine, and more to support our Detroit Lions news offerings at http://DetroitLionsPodcast.com. 

Take a moment and support us on Patreon by donating at: http://patreon.com/DetroitLionsPodcast

Or join this channel as a member to get access to perks:
https://www.youtube.com/channel/UC5m3zGvEZmjjQI5VVTZrR7g/join
",2017382,11200,"['Sport', 'American_football']",791
UCOWSHgNJ-UifVvovBGPnaMw,Lore Podcast,"The official YouTube channel for Lore, the award-winning podcast about true life scary stories. Lore exposes the darker side of history, exploring the creatures, people, and places of our wildest nightmares through a modern campfire experience. And with over 375-million listens to-date, that's clearly a good thing.

We're adding episodes to this channel as quickly as we can. Subscribe and turn on alerts so you never miss a new story!
",785170,19000,"['Society', 'Music', 'Lifestyle_(sociology)', 'Entertainment', 'Religion']",278
UCaTkibF_X59OMPtWgC_R0xQ,Off Track - The Motorcycle Racing Podcast,"Join us as we bring you the riders, their stories, plus information and entertainment from the world of #MotoGP #WorldSBK #britishsuperbikes and #roadracing every week!
",287102,3100,"['Vehicle', 'Sport', 'Lifestyle_(sociology)', 'Motorsport']",237
UCaPBmfh3Dx84qKsUKNd5ZLg,The Underworld Podcast,"From ISIS insurgents to MS-13 hitmen; Nigerian traffickers to Indian dons, Danny Gold and Sean Williams have met a lot of shady people in the past decade-or-so. Underworld brings their investigative work and excellent sense of humor together in one slapdash, hastily-edited podcast. Each week the transatlantic pair dives into a different gang, boss or warlord, charting their route to infamy and the systems that allowed them to flourish.

Underworld is a podcast about organized crime around the world, by reporters Danny Gold and Sean Williams. From Balkan warlords to Brooklyn wiseguys, weâ€™ll expose the barely-visible networks that affect everyoneâ€™s lives. Bringing our experience hunting some of the worldâ€™s most dangerous people, weâ€™ll show how gangs fought to the top of their food chains - and how some got cut down to size.",5269414,39700,['Society'],211
UCykoWlH491sqX56UwrvCr5w,HowToBBQRight Podcast,"HowToBBQRight Podcast

Welcome to the HowToBBQRight Podcast with Malcom & Rachelle Reed. Here we talk all about our weekly YouTube recipes, what weâ€™re grilling at the house, tips and tricks for grilling and our competition BBQ contests.

We started HowToBBQRight in 2007. We didnâ€™t know what we were doingâ€¦ but Malcom loved to cook BBQ and I knew just enough about designing a website to build one. Now we sell our own line of Killer Hogs BBQ Products and create weekly recipes for our HowToBBQRight YouTube Channel and website â€“ and now weâ€™re doing a Podcast! To us, itâ€™s all about cooking delicious food and taking pride in everything we cook.  
",2670414,18200,"['Lifestyle_(sociology)', 'Entertainment', 'Food']",357
UCYLCcaZ-4PkW_r247X3f_LQ,The Need to Know Podcast,"Tune in to what you need to know, when you need to know on the Need to Know podcast hosted by Savon, Alex, & Regi Cho. They discuss current events in pop culture, dating as a millennial, and weekly events. They also interview upcoming creatives in music, comedy, art, journalism and more!",3552751,27200,"['Hip_hop_music', 'Entertainment', 'Music']",544
UCEz1KpdfYmWqVKPqXrVL6Rg,A Pint and Two Shots Podcast,"A daft look at the WHOLE of Scottish Football! 

Hosted by Grado, Stephen Purdon and Toal!

Follow us on socials!
https://mtr.bio/pint-and-two-shots

Follow the guys socials;

Grado: @GradoWrestling
Stephen: @stephen_purdon
Toal: @iamchristoal
",619032,6910,"['Entertainment', 'Sport', 'Film', 'Lifestyle_(sociology)', 'Vehicle']",93
UCkqcY4CAuBFNFho6JgygCnA,Jocko Podcast,Jocko Willink and Echo Charles discuss discipline and leadership... extensively.,304610952,1840000,['Society'],1682
UCOj7q98-59gkzZuVygka0UA,The Raw Knuckles Podcast,,1994756,13600,"['Sport', 'Ice_hockey', 'Entertainment']",389
UCJyyd0kPo1BvItOv-7RHrXg,Misstramfitness Podcast,"Welcome to Misstramfitness Podcast, mÃ¬nh lÃ  TrÃ¢m vÃ  mÃ¬nh Ä‘Ã£ vÃ  Ä‘ang hoáº¡t Ä‘á»™ng trong lÄ©nh vá»±c Fitness Ä‘Æ°á»£c 8 nÄƒm. ÄÃ¢y lÃ  nÆ¡i mÃ¬nh sáº½ chia sáº» nhá»¯ng cÃ¢u chuyá»‡n liÃªn quan Ä‘áº¿n fitness, kinh nghiá»‡m táº­p luyá»‡n Äƒn uá»‘ng, mental health, relationshipsâ€¦ Hy vá»ng podcast nÃ y sáº½ trá»Ÿ thÃ nh má»™t ngÆ°á»i báº¡n Ä‘á»“ng hÃ nh trÃªn hÃ nh trÃ¬nh fitness cá»§a má»i ngÆ°á»i nha. Hope Iâ€™m not too boring to listen to lol.

Personal IG/Tiktok: @misstramfitness
Podcast IG/Tiktok: @misstramfitnesspodcast
Spotify: @misstramfitnesspodcast
Apple Podcast: @misstramfitnesspodcast",34281,932,"['Health', 'Lifestyle_(sociology)', 'Physical_fitness']",49
UC1sTqWskIXqSItyojGhXPyQ,Lanterne Rouge Cycling Podcast,"A cycling podcast hosted by Patrick Broe and Benji Naesen by Lanterne Rouge Media, SL.

From in-depth race analysis to guest interviews and important events in the world of professional cycling.

The essential companion for long rides, indoor training and dreary work commutes filled to the brink with everything cycling.
",10585622,46800,"['Sport', 'Lifestyle_(sociology)']",772
UCcb90xg58WKk3fgxY0R7DMw,The Diesel Podcast,"The Diesel Podcast chats with diesel industry leaders, racers, manufacturers and social media giants.  If you own a Cummins, Duramax or Powerstroke, this podcast has all youâ€™d ever want

Fueled by: 
Amsoil 
BD Diesel Performance
Choate Engineering Performance
Complete Performance
Danâ€™s Diesel Performance
DFC Diesel
Diesel World
Dirty Diesel Customs
DMAX Store
Driven Diesel
Dynomite Diesel Products
Fass Diesel Fuel Systems
Fleece Performance Engineering
Freedom Racing Engines
Gator Fasteners
Gen-Y Hitch
Hot Shot's Secret
J&K Engines
Jase Medical
KC Turbos
KT Performance
Kershaw
Magnolia Diesel Performance
Merchant Automotive
PPEI
Pure Diesel Power
Pusher Intakes
R&R Brand Management
SBI 
Stainless Diesel
Stealth Performance Products
Strictly Diesel
Texas Truck Jam
USA Diesel
Zero Tolerance Knives

Host: Patrick Ellis 
Executive Producer: Michelle Nicole

For Business Inquiries: 
Email: info@thedieselpodcast.com
",3935564,37700,"['Lifestyle_(sociology)', 'Vehicle']",596
UC2L7vR43LKuBXXV2AentEMw,Luke's English Podcast,"An award-winning podcast for learners of English, since 2009.
ğŸ‘‰ More information about Luke's English Podcast https://teacherluke.co.uk/
ğŸ‘‰ More information about Luke https://teacherluke.co.uk/luke/
",35011428,1020000,"['Society', 'Knowledge', 'Lifestyle_(sociology)']",434
UCaHoCF9UrDZrbsINg1PybzQ,The No Name RC Podcast,"The No Name RC Podcast is a podcast dedicated primarily to the 1/8th Off Road Racing Scene around the world. The host Keenan White aka Lefty the Great has been an RC Racer and enthusiast for over 25 years he also is the Team Manager For JQ Racing.

JQ aka Beaker aka The Finnish Village Idiot is the cohost of the podcast he is the owner of JQ Racing the smallest 1/8th Scale Off Road Buggy chassis manufacturer in the world. JQ designs, produces, sells and races his own buggy around the world. 

I bet you didn't know this form of racing existed but it does all around the world and we love to talk about it bringing our listeners all the hot topics, industry news, gossip, rumors, race recaps, rants, product spotlights, interviews with professional racers and other personalities and just plain old banter.

We also have live shows 2-3 times monthly where listeners can call in ask questions , rant or share some stories. Our goal is to help grow RC, educate and keep it entertaining.
Thank you
",628966,4840,"['Hobby', 'Lifestyle_(sociology)', 'Motorsport']",587
UCbk_QsfaFZG6PdQeCvaYXJQ,Jay Shetty Podcast,"Iâ€™m Jay Shetty host of On Purpose the worlds #1 Mental Health podcast and Iâ€™m so grateful you found us. I started this podcast 5 years ago to invite you into conversations and workshops that are designed to help make you happier, healthier and more healed. 

I interview experts, celebrities, thought leaders and athletes so that we can grow our mindset, build better habits and uncover a side of them weâ€™ve never seen before. 

Click the Subscribe button to help us spread the love with On Purpose.
--
Enroll in Genius Coaching to improve your life, deepen your relationships and find happiness every day: https://pages.jayshetty.me/genius/
â€“
Order My Books: 
Think Like a Monk: https://thinklikeamonkbook.com/
8 Rules of Love https://8rulesoflove.com/

â€“
Follow me on Social Media:
Instagram: https://www.instagram.com/jayshetty/
Tiktok: https://www.tiktok.com/@jayshetty
Facebook: https://www.facebook.com/JayShettyIW/",200314196,2440000,"['Lifestyle_(sociology)', 'Health', 'Entertainment']",537
UCMscTXTK5Okm9v7IxVjCoiw,Talk Ville Podcast,"It was only a matter of time... Join costars Tom Welling (Clark Kent) and Michael Rosenbaum (Lex Luthor) as they dissect a new episode every week from one of the greatest shows of all time, Smallville. With this weekly dose of nostalgia you can look forward to an inside look at what it was like to film the episode, get some fun facts that only those on set could tell you, and hear whatâ€™s like for Tom and Michael to revisit the life changing saga that premiered nearly 20 years ago.
",8269528,144000,"['Film', 'Entertainment', 'Television_program']",88
UCkgP6WIFsg3vWga2XVs619w,Six Figure Authors Podcast,"The Six Figure Authors Podcast is a publishing show with a focus on marketing. In each episode, the hosts discuss topics crucial to developing a successful publishing career, interview insightful guests in the field, and/or answer questions from listeners.

Hosts Lindsay Buroker, Andrea Pearson, and Joseph Lallo are indie authors, mostly in the sci-fi and fantasy genres. Each has reached the fabled ""six-figure author"" status, either currently or in the past, and have collectively released over a hundred titles.

Lindsay Buroker is the author of many acclaimed series, including Emperor's Edge and Dragon Blood, and co-host and creator of the Sci-F & Fantasy Marketing Podcast.
Andrea Pearson is the author of the Midnight Chronicles and Mosaic Chronicles among other series, and teaches book marketing through courses and non-fiction titles.
Joseph R. Lallo is the author of The Book of Deacon Series and the Free-Wrench series, had has contributed to self-publishing podcasts since 2014.",550553,7120,"['Lifestyle_(sociology)', 'Knowledge']",355
UCuulUz5sIdikcX8F5mbP2YA,Next Level Soul Podcast,"Next Level Soul founder Alex Ferrari is a #1 best-selling author, podcaster, speaker, entrepreneur, & filmmaker. Throughout his life, Alex always asked the big questions; Why are we here? Is this all there is? What is my soul's mission in this life? He developed Next Level Soul to help people around the world get closer to their own higher power to look inward for the answers they are searching for.Â 

The Next Level Soul Podcast discusses all the mysteries of life's journey and reality. Topics like: Spirituality, Near Death Experiences, Channelers, Quantum Physics, Creativity, Ancient Civilizations, Lost History, Spiritual Masters, End of Life, Mindset, and Healing & Wellness.Â 

Guest Disclaimer: The views and opinions expressed in this podcast are those of the guests and are for entertainment purposes only. They do not necessarily reflect the views or positions of any NextLevelSoul.com, Alex Ferrari, subsidiaries, or any corporate entities they represent.

",105763010,764000,"['Music', 'Lifestyle_(sociology)', 'Religion', 'Society']",1383
UCaVQXzkjfs65XIWUESSGbuQ,THE PODCAST WITH SOUL,"A ""LIVE"" podcast experience dealing with real topics, real issues and real circumstances that impact the lives of everyday people.  There are ""LIVE CALL IN COMMENTS"" from people all over the world so I never know where or in what direction the podcast is going until we start moving.  Appreciate you and hope you dig the podcast.  Please SUBSCRIBE. Thank you.

Sean G
",14150490,84100,"['Physical_fitness', 'Lifestyle_(sociology)', 'Health']",2208
UCPk41GIcjo_esggMgsV2rKQ,WULFF DEN Podcast - Weekly Gaming Recap,,1356530,14700,"['Action_game', 'Video_game_culture', 'Action-adventure_game']",326
UC0Ppe_VuMjrph8RrsIvjAww,Garza Podcast,"THE HEAVIEST PODCAST OF ALL TIME

Hosted by guitar player & founder of Suicide Silence, Chris Garza
",2624919,41100,"['Music', 'Rock_music']",121
