Channel ID,Channel Name,Description,View,Num Subscriber,Topic,Num Video
UCW9o3ENwPXKd9gc3ffqRs9w,Wanji Music,"ÄÃ¢y lÃ  kÃªnh báº¯t trend nháº¡c tiktok douyin siÃªu nhanh. Láº¡c vÃ o kÃªnh cá»§a tÃ´i, báº¡n sáº½ bá»‹ mÃª hoáº·c bá»Ÿi nhá»¯ng báº£n nháº¡c cá»±c hay, siÃªu báº¯t tai, cháº¥t lÆ°á»£ng cao vÃ  khÃ´ng thá»ƒ chÃª vÃ o Ä‘Ã¢u Ä‘Æ°á»£c. KhÃ´ng tin thÃ¬ thá»­ Ä‘i ğŸ˜‰

This is a channel that quickly captures popular Douyin music. If you get lost in my channel, you will be mesmerized by the super cool, super catchy, high quality and irrepressible music. If you don't believe it, try it ğŸ˜‰

é€™æ˜¯ä¸€å€‹å¿«é€Ÿæ•æ‰ç†±é–€æŠ–éŸ³éŸ³æ¨‚çš„é »é“. å¦‚æœä½ è¿·å¤±åœ¨æˆ‘çš„é »é“è£¡ï¼Œä½ æœƒè¢«é‚£äº›è¶…é…·ã€è¶…é…·ã€é«˜å“è³ªçš„éŸ³æ¨‚æ‰€è¿·ä½ï¼Œç„¡è·¯å¯èµ°ã€‚å¦‚æœä½ ä¸ç›¸ä¿¡ï¼Œå¯ä»¥å˜—è©¦ä¸€ä¸‹ğŸ˜‰

ğŸ‘‰SUBCRIBE NOWğŸ‘ˆ

ğŸµÄáº·t Mua vÃ  Há»— Trá»£ TÃ¬m Nháº¡c LiÃªn Há»‡:

âœ… Gmail: Wanjimusic@gmail.com

âœ… Zalo: 0963919439

âœ…Donate: Vietcombank : 0271001106482
",57301311,125000,"['Electronic_music', 'Music', 'Pop_music']",575
UCZFkyg599M0UdYy4fIY_r1w,ART Classical Music ,"Welcome to ART Classical Music 

We love classical music as well as relaxing instrumental music so some years ago we decided to create this channel where you can find the best videos of well-known pieces of classical piano, violin and orchestral music combined with nature sounds and visuals in a unique way. We made original and educative videos from musical compositions performed by our musician partners which we transform to make them more suitable and attractive to the average viewer. This results in videos that are perfectly suitable to focus on studying, reading, working and improving your concentration and memorization while listening to the greatest composers of all times such as Mozart, Beethoven, Bach, Chopin and many more. 

We hope you enjoy them!

â–º All photos and videos are copyrighted by me
âœ” All videos are researched, edited and mixed for the best listening experience - bringing listeners back to the world of classical music.
",14403735,124000,"['Music', 'Classical_music', 'Lifestyle_(sociology)']",424
UCLcinD6lQkNGZeyL19rBc-A,Tee Music,"â¥ KÃªnh tá»•ng há»£p - quáº£ng bÃ¡ sáº£n pháº©m Ã¢m nháº¡c cá»§a cÃ¡c DJ rá»™ng rÃ£i Ä‘áº¿n má»i ngÆ°á»i nghe â¥
- Nhá»› like page cho mÃ¬nh nha :
- Náº¿u cÃ¡c báº¡n Ä‘á»c Ä‘áº¿n Ä‘Ã¢y thÃ¬ mÃ¬nh cáº£m Æ¡n cÃ¡c báº¡n .
- Link nháº¡c mÃ¬nh Ä‘á»ƒ á»Ÿ mÃ´ táº£ cÃ¡c báº¡n áº¥n vÃ o link Ä‘á»ƒ nghe nhá»¯ng báº£n nháº¡c cháº¥t lÆ°á»£ng tá»« nhá»¯ng DJ nhÃ©.
- Nháº¡c hay áº£nh Ä‘áº¹p nhá»› Like ,Share , ÄÄƒng kÃ­ kÃªnh nghe nhiá»u báº£n nháº¡c má»›i nháº¥t nhÃ©...
- CÃ¡c báº¡n Ä‘Äƒng kÃ­ kÃªnh giÃºp mÃ¬nh lÃªn 1.000.000sub nhÃ©  .
- Náº¿u cÃ³ váº¥n Ä‘á» báº£n quyá»n , há»£p tÃ¡c, Ä‘Äƒng nháº¡c lÃªn kÃªnh.... liÃªn há»‡ vá»›i mÃ¬nh qua mail

Cáº£m Æ¡n cÃ¡c báº¡n !
",39742738,237000,"['Electronic_music', 'Music']",454
UC62e0b3JqldGsV6jaV2EYRA,BOLERO MUSIC,"â˜… Bolero Music lÃ  kÃªnh tá»•ng há»£p nhá»¯ng nháº¡c pháº©m hay, nháº¡c pháº©m Ä‘á»ƒ Ä‘á»i cá»§a nhá»¯ng nháº¡c sÄ© tÃªn tuá»•i.
â˜… Äáº¿n vá»›i kÃªnh Bolero Music quÃ½ vá»‹ sáº½ Ä‘Æ°á»£c thÆ°á»Ÿng thá»©c nhá»¯ng nháº¡c pháº©m cháº¥t lÆ°á»£ng nháº¥t vá» nháº¡c Trá»¯ tÃ¬nh, nháº¡c VÃ ng Bolero, Nháº¡c LÃ­nh qua cÃ¡c giá»ng ca Ä‘á»ƒ Ä‘á»i vÃ  cÃ¡c ca sÄ© tráº» hay nháº¥t hiá»‡n nay.
â˜… Náº¿u tháº¥y hay thÃ¬ mong cáº£ nhÃ  Ä‘á»«ng quÃªn Ä‘á»ƒ láº¡i 1 Like vÃ  Ä‘Äƒng kÃ½ kÃªnh Bolero Music Ä‘á»ƒ Ä‘Æ°á»£c thÆ°á»Ÿng thá»©c nhiá»u tÃ¡c pháº©m hay ná»¯a nhÃ©.
â˜… ChÃºc quÃ½ vá»‹ nghe nháº¡c vui vÃ  luÃ´n an lÃ nh háº¡nh phÃºc!!!
â˜… Báº£n Quyá»n Thuá»™c Bolero Music Trá»±c Thuá»™c BH MEDIA
â˜…â˜…â˜…â˜…â˜…â˜…â˜…â˜…â˜…â˜…â˜…â˜…â˜…â˜…â˜…â˜…â˜…â˜…â˜…â˜…â˜…â˜…â˜…â˜…â˜…â˜…â˜…â˜…â˜…â˜…
â˜…â˜…â˜…â˜… Cáº¤M SAO CHÃ‰P Vá»šI Má»ŒI HÃŒNH THá»¨C â˜…â˜…â˜…â˜…â˜…
â˜… LiÃªn Há»‡ Báº£n Quyá»n : Copyright@citimusic.vn
LiÃªn Há»‡ Quáº£ng CÃ¡o : contact@sky.pro.vn

",93818321,170000,"['Pop_music', 'Music', 'Music_of_Asia']",1184
UCy5_6elJNvJNc9Yxo3_ybzQ,Zee Music,"Zee Music
https://www.youtube.com/@zeemusiccreatory
ğŸ”¥ ChÃºc má»i ngÆ°á»i cÃ³ tháº­t nhiá»u nÄƒng lÆ°á»£ng tÃ­ch cá»±c khi giáº£i trÃ­, nghe nháº¡c trÃªn kÃªnh.
ğŸ”¥ Theo dÃµi vÃ  Ä‘á»“ng hÃ nh cÃ¹ng chÃºng tÃ´i táº¡i: https://www.fb.com/H2OMusicc
ğŸ”¥ Má»i chi tiáº¿t liÃªn há»‡ há»£p tÃ¡c táº¡i: contact@1991s.vn

Â© Báº£n quyá»n thuá»™c vá» Zee Music/H2O Remix.
Â© Copyright by Zee Music/H2O Remix.â˜ Do not Reup.
",653387,19000,"['Pop_music', 'Music', 'Electronic_music']",235
UC2fu6CiFfNYz5UFORvFyc0w,Vie Channel - MUSIC,"Vie Channel - MUSIC lÃ  kÃªnh Ã¢m nháº¡c & giáº£i trÃ­ chÃ­nh thá»©c cá»§a Vie Channel - nhÃ  sáº£n xuáº¥t, sá»Ÿ há»¯u vÃ  phÃ¡t sÃ³ng nhá»¯ng chÆ°Æ¡ng trÃ¬nh Ã¢m nháº¡c giáº£i trÃ­ hot nháº¥t Viá»‡t Nam nhÆ°:
- The Masked Singer Vietnam 2022
- The Masked Singer Vietnam All-Star Concert 2022
- Rap Viet 2021
- Rap Viet 2020
- Rap Viet All-Star Concert 2021
- ChÆ°Æ¡ng trÃ¬nh Ã¢m nháº¡c vÃ  giáº£i trÃ­ Ä‘Ãªm Giao Thá»«a SÃ³ng 18, SÃ³ng 19, SÃ³ng 20, SÃ³ng 21, SÃ³ng 22, SÃ³ng 23

Táº£i app VieON táº¡i: https://click.vieon.vn/wSBG/ytapp

LiÃªn Há»‡ TÃ i Trá»£ & Quáº£ng CÃ¡o
â–º Hotline: 0907.950.371 (Mr. Äá»©c Khoa)
â–º Email: khoa.nguyen@viechannel.vn hoáº·c sales@viechannel.vn

â–º Website: https://vieon.vn/
â–º Fanpage: https://www.facebook.com/vieonofficial/
â–º Tiktok: https://www.tiktok.com/@vieon.official
â–º Instagram: https://www.instagram.com/vieon.official/
",508665530,345000,"['Entertainment', 'Music', 'Music_of_Asia']",1177
UCOHC3mlHop6TRXl7i8o2AYQ,AlexD Music Insight,"KÃªnh há»c tiáº¿ng Anh qua cÃ¡c bÃ i hÃ¡t. Chia sáº» cÃ¡c phÆ°Æ¡ng phÃ¡p há»c hiá»‡u quáº£, Ä‘Æ¡n giáº£n vÃ  dá»… hiá»ƒu báº±ng Ã¢m nháº¡c.
BÃ¢y giá» thÃ¬ cÃ³ thÃªm má»¥c cá»±c ká»³ má»›i Ä‘Ã³ lÃ  há»c tiáº¿ng Anh cho tráº» cÃ¹ng Annie song ngá»¯",114052852,942000,"['Lifestyle_(sociology)', 'Music']",1045
UCsSkCBIqzIpWGbGOKgrZ90w,Pii Music,"Orinn Music lÃ  Ä‘á»™i ngÅ© sáº£n xuáº¥t nhá»¯ng dá»± Ã¡n Ã¢m nháº¡c hÃ ng Ä‘áº§u Viá»‡t Nam.

Náº¯m báº¯t Ä‘Æ°á»£c xu hÆ°á»›ng nghe nháº¡c hiá»‡n nay, Orinn cÃ³ thá»ƒ há»— trá»£ nghá»‡ sÄ© remake láº¡i nhá»¯ng giai Ä‘iá»‡u gá»‘c Ä‘á»ƒ cho ra máº¯t má»™t phiÃªn báº£n má»›i viral hÆ¡n, trending hÆ¡n trÃªn Facebook, Tiktok vÃ  Youtube.

Vá»›i há»‡ thá»‘ng vá» Ã¢m nháº¡c hÃ ng Ä‘áº§u táº¡i Viá»‡t Nam, Orinn hi vá»ng Ä‘em Ä‘áº¿n sá»± tÆ°Æ¡i má»›i trong Ã¢m nháº¡c cho nghá»‡ sÄ© vÃ  khÃ¡n giáº£ nghe nháº¡c.

Má»i thÃ´ng tin liÃªn há»‡ táº¡i: contact@orinn.net
",171068927,499000,"['Electronic_music', 'Pop_music', 'Music', 'Hip_hop_music']",817
UCiq69t2ThqzU0NQ8yXCfAZA,Yen Music,"CHÃ€O Má»ªNG CÃC Báº N ÄÃŠN Vá»œI KÃŠNH YEN MUSIC

KÃªnh Yen Music LÃ  NÆ¡i giÃºp cÃ¡c báº¡n xem video, nghe nháº¡c miá»…n phÃ­ . GiÃºp CÃ¡c Báº¡n Xem vÃ  nghe nhá»¯ng BÃ i hÃ¡t má»›i nháº¥t hay nhÃ¢t .

KÃªnh ChuyÃªn CÃ¡c Thá»ƒ Laoi Nháº¡c EDM, Tik Tok , Tik Tok Trung Quoc, Nonstop, chill ke, Nháº¡c ThÃ¡i Lan, EDM Thai Lan, Tik Tok Thai Lan, Nonstop Thailand, nháº¡c thai lan remux, ... VÃ  nhiá»u thá»ƒ loáº¡i nháº¡c KhÃ¡c . KÃªnh Sáº½ ÄÃ¡p á»¨ng CÃ¡c Thá»ƒ Loáº¡i Nháº¡c MÃ  CÃ¡c Báº¡n YÃªu ThÃ­ch.
Ráº¥t Mong CÃ¡c Báº¡n á»¦ng Há»™ KÃªnh.

KÃªnh Phi Lá»£i Nhuáº­n, Nghe Nháº¡c Miá»…n PhÃ­ 

GiÃºp MÃ¬nh Äáº¡t Äáº¿n ÄÆ°á»£c Nhá»¯ng Cá»™t Má»‘c Sau Nha! 

â€¢ 10 Subscribe âœ”
â€¢ 20 Subscribe âœ”
â€¢ 50 Subscribe âœ”
â€¢ 100 Subscribe âœ”
â€¢ 200 Subscribe âœ”
â€¢ 500 Subscribe âœ”
â€¢ 1000 Subscribe âœ”
â€¢ 2000 Subscribe âœ”ï¸
â€¢ 5000 Subscribe âœ”ï¸
â€¢ 10000 Subscribe âœ”ï¸
â€¢ 20000 Subscribe âœ”ï¸
â€¢ 50000 Subscribe âœ”ï¸
â€¢ 100000 Subscribe âœ”

    CHÃšC CÃC Báº N NGHE NHáº C VUI Váºº

Má»i Tháº¯c Máº¯c Xin LH Qua Gmail : cwalkhvtuong95@gmail.com",31941967,277000,"['Electronic_music', 'Music', 'Pop_music']",631
UCtAQ8kQhFHRplepFkRplLqQ,Soft Dream Music,"Hi ğŸ“
Thank you for taking the time to listen to the music of Soft Dream Music

Music is a miracle of life. It helps us heal all wounds of the soul, relax after a tiring day of work, remove negative energy,... 
Listening to music before bed will help us fall asleep faster, have a better night's sleep.
Deeper sleep and when we wake up, we will have a new day full of energy and spirit ğŸ§
We hope all the best to everybody ğŸ˜‡
_________________________ 

Don't forget like, subscribe and comment if you feel good

Thank you so much for listening and leaving feedback. Have a great time listening to music!

#SleepingMusic #RelaxingMusic #SoftMelodies
",12620288,64900,"['Electronic_music', 'Music']",174
UCNSqBI25AW9CQmihX9AgjWA,NH4T Media Music,"NH4T Media Music - Thuá»™c há»‡ thá»‘ng NH4T Entertainment, Euphoria Music Vietnam

Â© Báº£n Quyá»n Thuá»™c Vá» NH4T Entertainment, Euphoria Music Vietnam
Â© Má»i thÃ´ng tin báº£n quyá»n hay khiáº¿u náº¡i liÃªn há»‡: Nhat.pd@euphoriamedia.com
",123847437,281000,"['Electronic_music', 'Music', 'Pop_music']",1045
UCTPioC8tmJMcpdB-XKMch4Q,music meets heaven,"â€¢ music meets heaven â€¢ ""...apart from You I have no good thing""

""Music Meets Heaven started as a project to discover and promote Christian Music. As of the unexpected success, it has now become part of my day to day life to search for new good music, reach out to artists and labels and most importantly create visually pleasing videos for you to enjoy.

Each upload has undergone a tedious process to ensure only the best quality. Besides providing a platform where you can find new songs and connect with other believers it has become my passion to create outstanding visual material with the recent focus on capturing the beauty of the Holy Land.
I hope you get blessed through music meets heaven & enjoy your stay""

~ Jonathan, founder of music meets heaven


âœ˜Support us
â˜ https://www.patreon.com/musicmeetsheaven

â–For any questions/requests
musicmeetsheaven@gmail.com

Submit Your Songs over here!
https://www.submithub.com/blog/music-meets-heaven",595288241,1600000,"['Music', 'Christian_music']",673
UCeGJ6v6KQt0s88hGKMfybuw,Cozy Jazz Music,"''Welcome to Cozy Jazz''

We hope our music can give you some space to stay optimistic in life. Release all negative thoughts and just relax to keep creating! From now on, your life will only be filled with your emotions.

Thanks and have a nice day

Copyright Â© & FAQ
â€¢ Images used in the video are free images or images used after purchasing the copyright.
â€¢ All music produced and distributed by Cozy Jazz Music
â€¢ Any copying, duplication or partial use is strictly prohibited. Please respect the copyright and owner.
",37412649,108000,"['Music', 'Jazz', 'Music_of_Latin_America']",985
UCBq5hp6DvwWam2XOXw6lYJA,Awakening Music,"Awakening Music is a pioneering and dynamic record label headquartered in London with offices in California and Cairo. Awakening introduced to the world global music sensations â€“ the likes of Sami Yusuf, Maher Zain and Harris J. We produce faith inspired and values driven content. Our songs and music videos on Youtube and other digital platforms have been enjoyed by billions across the world.  
 
Awakening Music manages and represents Maher Zain (Sweden), Mesut Kurtis (Macedonia), Raef (USA),  Humood Alkhudher (Kuwait) and Ali Magrebi (Libya). Previously Sami Yusuf, Harris J, and Hamza Namira among others.",5817626294,13900000,['Music'],894
UC4-GkhTRsl3ZgMZtKqYYi3Q,McCann Dogs Music,"This channel has one purpose. To make music for dogs. We want to be able to make just the right music for dogs to go to sleep, music for dogs to relax while you're away, and music for dogs to be calmer during a thunderstorm. We plan on making music to suit your needs as they come up!",126677,3840,"['Pet', 'Lifestyle_(sociology)', 'Music']",28
UCUP8j13UpKfJJ3xyUD_uRCA,HIDO MUSIC,HiDo Music - KÃªnh ca nháº¡c cho giá»›i tráº»,13217391,110000,"['Electronic_music', 'Music', 'Music_of_Asia']",155
UCGymn1uw0YKH8CjT6nJ8RxQ,YukinoZ Music,"Hello everyone, I am Yukino

If you come by, you can support me to hear many new music videos and I hope you have a great time on my channel, have a nice day.
â–¬â–¬â–¬â–¬â–¬â–¬â–¬â–¬â–¬â–¬â–¬â–¬â–¬â–¬â–¬â–¬â–¬â–¬â–¬â–¬â–¬â–¬â–¬

You think Forever and Eternity are the same thing. Because you never get it.
",2303125,5150,"['Music_of_Asia', 'Pop_music', 'Electronic_music', 'Music']",508
UCg0nKWXJ8qb_BVgPgxDxk_g, JW Music â™ª,"wanna listen to some tunes ? watch anime :))))
______________________________________

â†’ JW Music is a channel makes lyrics and vietsub video.
â†’ I dont own the music used in this video
â†’ All the rights belong to the owner(s)
â†’ if you are an artist/musician/organization realizing the songs posted on my channel related to copyright issues, please contracts with me â†’ hoangjewel270706@gmail.com

______________________________________

THANKS FOR YOUR SUPPORT !

_______________________________________________________________________

muá»‘n nghe nháº¡c khÃ´ng ? xem anime Ä‘i :))))
______________________________________

â†’ JW Music lÃ  kÃªnh chá»‰ lÃ m vá» video lyrics vÃ  vietsub
â†’ MÃ¬nh khÃ´ng sá»Ÿ há»¯u bÃ i hÃ¡t nÃ o trong video
â†’ Má»i quyá»n lá»£i sáº½ thuá»™c vá» chá»§ sá»Ÿ há»¯u
â†’ Náº¿u báº¡n lÃ  nghá»‡ sÄ©/nháº¡c sÄ©/tá»• chá»©c tháº¥y ráº±ng nhá»¯ng bÃ i hÃ¡t mÃ¬nh Ä‘Äƒng lÃªn kÃªnh cá»§a mÃ¬nh cÃ³ váº¥n Ä‘á» vá» báº£n quyá»n thÃ¬ hÃ£y liÃªn láº¡c vá»›i mÃ¬nh â†’ hoangjewel270706@gmail.com

______________________________________

Cáº¢M Æ N Sá»° á»¦NG Há»˜ Cá»¦A CÃC Báº N !





",27787277,66700,"['Pop_music', 'Music', 'Independent_music']",28
UCJV4dvSN1E08gC2-HU1ppyA,KOY Music Group,KÃªnh Ã¢m nháº¡c thÆ° giÃ£n má»—i ngÃ y!,54411724,104000,"['Electronic_music', 'Music', 'Pop_music']",108
UC2fVSthyWxWSjsiEAHPzriQ,Mr_MoMo Music,"Hey there! I am Mr MoMo

My channel focus on Japanese samurai-styled music: from relaxing, calm, chill instrumental lo-fi to powerful, overwhelming drifting phonk, trap & bass beats. I mindfully select and prepare the very best music mixes. Hope that you will enjoy the music while studying/relaxing/coding/sleeping or just chilling.

Please Subscribe to my channel and Turn on notification for fastest access to my new weekly uploads. Most of the time new videos will be available on Tuesday and Friday, sometimes I still miss it as I need to perfectly adjust the sound.

Let's join our family and spread our spirit!
_ _ _
If you have any requests or questions, please reach me at offerlike123@gmail.com

",184202408,739000,"['Hip_hop_music', 'Music', 'Electronic_music']",396
UCq8XvH3qOrCudk1lCVpCqTQ,HÆ¯Æ NG LY MUSIC,"ChÃ o má»i ngÆ°á»i, mÃ¬nh lÃ  HÆ°Æ¡ng Ly ğŸ˜ğŸ˜ğŸ˜ !
MÃ¬nh lÃ  má»™t bÃ  máº¹ bá»‰m sá»¯a bÃ¡n quáº§n Ã¡o cÃ³ Ä‘am mÃª ca hÃ¡t. Cáº£m Æ¡n cÃ¡c báº¡n Ä‘Ã£ á»§ng há»™ cÃ¡c sáº£n pháº©m cover cá»§a mÃ¬nh. Náº¿u báº¡n muá»‘n nghe báº£n cover nÃ o hÃ£y inbox cho mÃ¬nh nhÃ©.

Contact for work:

Email:   huongly.booking@gmail.com
â¤ï¸ 
Nguyá»…n HÆ°Æ¡ng Ly 
Facebook CÃ¡ NhÃ¢n: https://www.facebook.com/huongly.nguyen.5
Fanpage: https://www.facebook.com/nguyenhuonglyofficial 
Instagram: https://www.instagram.com/nguyenhuongly.official
TikTok: https://www.tiktok.com/@lyty1910

Cáº£m Æ¡n má»i ngÆ°á»i Ä‘Ã£ ghÃ© thÄƒm kÃªnh Youtube cá»§a Ly, má»i ngÆ°á»i nhá»› á»§ng há»™ Ly báº±ng má»™t Subscribe nhaaaa. Cáº£m Æ¡n cáº£ nhÃ  nhÃ¬u nhÃ¬u ^^ â¤ï¸â¤ï¸â¤ï¸
",38756789,128000,"['Music_of_Asia', 'Music']",841
UCd2DbVRQIlp52-b-zKyhwHQ,Xu Nghe Music,"Xu Nghe Music lÃ  kÃªnh nháº¡c DÃ¢n ca Xá»© Nghá»‡ hay nháº¥t 2023 vá»›i nhá»¯ng giá»ng ca hay, áº¥n tÆ°á»£ng hÃ¡t vá» con ngÆ°á»i quÃª hÆ°Æ¡ng Ä‘áº¥t nÆ°á»›c Xá»© Nghá»‡ nghe tháº¥m Ä‘Æ°á»£m tÃ¬nh quÃª.

ÄÄƒng KÃ½ Theo DÃµi KÃªnh: https://www.youtube.com/channel/UCd2DbVRQIlp52-b-zKyhwHQ?sub_confirmation=1
DÃ¢n Ca Xá»© Nghá»‡ Hay Nháº¥t: https://www.youtube.com/watch?v=rGEFBudgQoE&list=PLc_ZLT_ccdOA-HY4Evns_McesPl_P-hPz
",32229146,87500,"['Music', 'Music_of_Asia']",643
UCyKs4L4EULCfySbTybA9bAg,Music Brokers,"Music Brokers is the channel for extended playlists featuring your favorite versions of today's best music. Whether it's reggae, bossa or jazz covers, we represent the artists who love to give a new spin to contemporary classics. While we are best known for our first hits such as Bossa n' Stones and Jazz and '80s, our producers continue to release smooth and sultry covers with excellent musical arrangements such as the VIntage CafÃ© series and Jazz Sexiest Ladies, both well loved brands. We've developed a sound that is ideal for providing places of business such as restaurants, hotels, clubs, spas and shopping centers with soundtracks that evoke the warm sands of Brazil or Jamaica and the voices of our world famous vocalists, such as Karen Souza or Ituana. Welcome to the place where you'll always find the best tunes to keep you company, at work, in the gym or in the car.",802131384,1410000,"['Electronic_music', 'Music_of_Latin_America', 'Pop_music', 'Music', 'Jazz', 'Reggae']",2660
UCwVQIkAtyZzQSA-OY1rsGig,Chill Music Lab,"Choose the soundtrack for your most productive self

Music Lab was created to shed some light on how the music is made, educate and help people on how to navigate the intricacies of popular genres and how they can affect various activities. On this channel, we have a wide variety of playlists suited for all kinds of everyday tasks: work, studies, programming, sports and more. We want to popularize music that will have a beneficial effect on productivity.

We also collaborate with independent artists and labels within the USA and around the world. Many composers and producers are often unfairly overlooked and we strive to promote such artists by exposing their work to the widest possible audience.

For collaborations, business inquiries and licensing please contact us via the email below.

Don't forget to check our website: https://musiclab.cloud
",162871767,1070000,"['Electronic_music', 'Music']",295
UCnFgq4Ara6A2a_8kpTvivLQ,Nogastic Music,,30421402,435000,"['Pop_music', 'Electronic_music', 'Music', 'Music_of_Latin_America']",270
UCJhjE7wbdYAae1G25m0tHAA,Cafe Music BGM channel,"â˜• About Cafe Music BGM channel
Welcome to our Cafe Music channel, your source for 'Everyday Music'. Perfect for relaxation, work, or study, our tunes will transform your daily rhythm. Subscribe now, and let us infuse your life with cafe ambiance, making ordinary moments extraordinary.
* All music in this video & in this channel is original music by BGMC. We are playing all the songs.


ğŸ“œ What is BGMC?
Morning.
Gentle light that shines through the blinds
One glass of water after waking up
The tender breeze from the window that we feel with all our body

These things are too ordinary in everyday life to be conscious.
But we can't live even if one of them is missing.
""BGMC - BGM channel"" has been providing music, hoping to be like them.

Though it is colorless and transparent, we want to make the listener's daily life as colorful as possible.
That is the essence of the music we deliver.

Light, water, wind, and BGMC
A new value for music.",1378425669,3770000,"['Music_of_Latin_America', 'Music', 'Jazz']",2266
UCQGxATbsTxI-rwWsDNYFVKg,Music Passionate,"welcome to my channel where you can find the best Music that fits your Audio System
Don't forget to Subscribe & LIKE !



122 Herndon Mill Cir, # CL
Herndon, VA 20170-4478
United States
+1 703-481-6609",1783820,33800,"['Pop_music', 'Music', 'Jazz']",113
UCMXo-OZdxSWVXXvY072b_cQ,Nháº­t LÃª Music,"Nháº­t LÃª Music

",48638521,55700,"['Entertainment', 'Film']",265
UChW8_rGquhEVt05v9A4a5Aw,Love Music,"âœ” Welcome to my channel!
âœ” I find music as therapeutic and my channel offers a great and romantic collection of love songs from 70's 80's and 90's. So, Stay tuned, relax and feel the love of my masterpiece.
âœ” Thanks for watching my video!
âœ” Share my channel on social pages (Facebook, Google +, Twitter etc.) so that more people can listen and have fun!
âœ” Don't forget to subscribe to channels to receive notifications about the latest videos.
âœ” Contact : hoangdinhbien93@gmail.com
",156523781,901000,"['Christian_music', 'Music', 'Pop_music', 'Music_of_Asia']",169
UCTFhHkqYWL-hHkNr7vKbOhQ,Zen Music,"Zen Music with a diverse range of content spanning from binaural beats and brainwave entrainment to meditation music and healing frequencies, this channel offers something for everyone. Whether you're looking to unwind after a long day, improve your focus and concentration, or deepen your meditation practice, this channel has got you covered.

Each video on this channel features high-quality audio paired with visually stunning backgrounds, designed to transport you to a state of deep relaxation and healing. From peaceful nature scenes to serene landscapes, the visuals add an extra layer of immersion, making it easier to let go of stress and tension.

So whether you're a seasoned meditator or simply looking to improve your overall well-being, this channel is the perfect place to explore the transformative power of music and sound. Subscribe today and start your journey towards greater relaxation, focus, and inner peace.

ğŸŒ Para contactar y enviar mÃºsica: relaxmusic@sevenzone.us
",12795788,136000,"['Electronic_music', 'Music']",394
UCS89Bl1RIbvK6VkrveG0nNw,Furman University Music,,63949,876,"['Classical_music', 'Entertainment', 'Performing_arts', 'Music', 'Lifestyle_(sociology)']",289
UCdy5gC2jwAxTJlHN5tJEkXA,DJ TCT MUSIC OFFICIAL,"DJ TCT MUSIC tÃªn tháº­t lÃ  Táº¡ CÃ´ng TÃ¹ng Ä‘áº¿n tá»« HÃ  Ná»™i, báº¯t Ä‘áº§u theo Ä‘uá»•i Ä‘am mÃª tá»« nÄƒm 2012 vá»›i sá»Ÿ trÆ°á»ng lÃ  dÃ²ng nháº¡c Vinahouse. CÃ¹ng vá»›i cÃ¡ch dáº«n dáº¯t nháº¡c lÃ´i cuá»‘n vÃ  kinh nghiá»‡m lÃ¢u nÄƒm, TCT Ä‘ang lÃ  má»™t Ä‘á»‹a Ä‘iá»ƒm cung cáº¥p nháº¡c bay uy tÃ­n Ä‘á»‘i vá»›i ngÆ°á»i yÃªu nháº¡c kháº¯p cáº£ nÆ°á»›c.
LiÃªn há»‡ cÃ´ng viá»‡c: 0971345286",58579904,185000,"['Music', 'Electronic_music', 'Pop_music']",196
UCfVJ_-zdASq6HR-ocI8yTww,Music for Body and Spirit - Meditation Music,"Music for Body and Spirit - Meditation Music comes from professional musicians who have decided to use their skills for the production of music for the spirit.

We chose spiritual music because we believe in its power on body and spirit.

In the channel you can find music to practice Reiki, Meditation, Yoga. Furthermore, tracks for  Relaxation, Sleeping, and compositions with Binaural Beats. 

We underline that our music cannot cure a health condition nor does it want to replace the advice of a doctor or health care provider. Moreover, never listen to our music whilst driving or operating machinery of any kind.

Enjoy your listening!

â„— 2014 - 2024 Music for Body and Spirit â€“ Meditation Music All rights reserved.

Our music is not currently licensed for commercial and non-commercial use.    
Anyway you can find free download tracks on our website 
https://www.musicforbodyandspirit.com/free-download/ 

Email: info@musicforbodyandspirit.com",698521579,3930000,"['Electronic_music', 'Lifestyle_(sociology)', 'Health', 'Music']",1946
UC2BDs0pu-C1A4POY0g9rZxw,Relax My Dog - Relaxing Music for Dogs,"RelaxMyDog specialises in music and TV designed to help any dog breed with a variety of problems including separation anxiety, sleep problems, loneliness, boredom and depression. Our music and TV is produced and created in-house by a team of experts aiming to help as many dogs as possible reduce anxiety and sleep issues. Wondering how to calm my dog? Give our music and TV and try!

We have helped over 6 million dogs worldwide with anxiety problems, sleep problems, depression and loneliness and are excited to help millions more using:

â€¢ Relaxing Music Therapy
â€¢ Entertaining and Stimulating TV
â€¢ Advice, DIY and How-To Vlogs",724765116,1960000,"['Lifestyle_(sociology)', 'Pet']",2242
UClxMX3CtmAbIlGvITbEgtCA,9C Music,"KÃªnh Tá»•ng Há»£p Nhá»¯ng Nháº¡c Hot Nháº¥t Hiá»‡n Nay
â˜… Náº¿u báº¡n tháº¥y hay thÃ¬ Like & Subcribes vÃ  áº¤n chuÃ´ng ğŸ”” thÃ´ng bÃ¡o Ä‘á»ƒ khÃ´ng bá» lá»¡ video má»›i!

â˜… CHÃšC CÃC Báº N NGHE NHáº C VUI Váºº â˜…

âœ‰ Há»£p tÃ¡c, quáº£ng cÃ¡o, khiáº¿u náº¡i cÃ¡c váº¥n Ä‘á» vá» báº£n quyá»n:
â–º PhÃ¡t HÃ nh Ã‚m Nháº¡c Sá»‘, Sáº£n Xuáº¥t Ã‚m Nháº¡c Äá»™c Quyá»n Táº¡i 9C Media.
â–º Nháº­n LÃ m Beat, Remixes,... Há»£p TÃ¡c Sáº£n Pháº©m TÃ¡c Quyá»n.
â–º  Báº£n quyá»n thuá»™c vá» 9C Media & CÃ¡c BÃªn LiÃªn Quan Vui lÃ²ng khÃ´ng Ä‘Äƒng táº£i ca khÃºc nÃ y khi chÆ°a Ä‘Æ°á»£c cáº¥p tÃ¡c quyá»n. LH Báº£n Quyá»n : Contact@9cmedia.net

Â© Báº£n quyá»n video thuá»™c vá» 9C Music
Â© Copyright by 9C Music & 9C Media â˜ Do not Reup
",7653181,142000,"['Electronic_music', 'Music', 'Pop_music']",141
UCpHhPOfjPC1Z5iVHTU_3mVg,HL Media Music,"CÃ´ng ty truyá»n thÃ´ng giáº£i trÃ­ Ã¢m nháº¡c Viá»‡t Nam : HL Media Music
FanLink : https://www.youtube.com/@hlmediainc
â—¼Contact :
â–ºEmail: admin@hlmedia.vn
â–ºTruy cáº­p Website : https://hlmedia.vn/
â“’ Báº£n quyá»n thuá»™c HL Media.
â“’ HL Media Music Group, All Rights Reserved.
Vui lÃ²ng khÃ´ng sao chÃ©p dÆ°á»›i má»i hÃ¬nh thá»©c!
",13039629,21300,"['Music_of_Asia', 'Music']",561
UClxBDZMTR0FLfWO9aCBblyg,Trends Music TikTok,"â˜… KÃªnh Trends Music TikTok ChuyÃªn Tá»•ng Há»£p Cáº­p Nháº­t Nhá»¯ng Báº£n Nháº¡c HOT TikTok Háº±ng NgÃ y ğŸ”¥
â˜… Náº¿u báº¡n tháº¥y hay thÃ¬ Like & Subcribes vÃ  áº¤n chuÃ´ng ğŸ”” thÃ´ng bÃ¡o Ä‘á»ƒ khÃ´ng bá» lá»¡ video má»›i!
â˜… CÃ¡m Æ n Táº¥t Cáº£ Má»i NgÆ°á»i ÄÃ£ Quan TÃ¢m VÃ  Theo DÃµi! 
â˜… GiÃºp MÃ¬nh Äáº¡t 50.000 lÆ°á»£t Ä‘Äƒng kÃ½ nhÃ© â¤ï¸â¤ï¸â¤ï¸

â˜… CHÃšC CÃC Báº N NGHE NHáº C VUI Váºº â˜…
",14510604,66300,"['Video_game_culture', 'Action-adventure_game', 'Electronic_music', 'Music', 'Pop_music']",304
UCz9_4daWw-uWuqeB6_IkhMg,Dreamhop Music,"Dreamhop Music is a Record Label promoting lofi and chill hiphop beats.  We're a community of passionate artists working hand in hand to create the best chill vibes. :)

- Submit tracks (Spotify playlists and Youtube livestream) â†’ https://ko-fi.com/dreamhop
- Discord â†’ https://discord.gg/FxF9kng
- Email (not for submissions) â†’  contact@studiodreamhop.com


COPYRIGHT Â© & FAQ
â€¢ This video was given a special license directly from the artist's visual.
â€¢ All music on Dreamhop Music are copyrighted.",47202053,212000,"['Music', 'Electronic_music']",369
UCmk1rFqvFfPNEPRpcBGYLWg,Accord Electronic Music,"ğŸ‘‹ Welcome to the Accord Electronic Music channel ğŸ‘‹

â¡ï¸ Accord Electronic Music channel is a fantastic place for you to find energetic and lively music suitable for parties and gatherings. We take pride in providing you with dance, EDM, Pop, Hip-hop, and Various other genres of music that guarantee a fun and dynamic experience â¬…ï¸

ğŸ”” We aspire for the Accord Electronic Music channel to become your favorite destination, where you can find suitable music for every occasion and bring joy to your daily life. Don't forget to hit the ""Subscribe"" button to never miss any new music videos or special events on our channel ğŸ””

âœ´ï¸ Together, let's embrace the lively rhythms and make each party an unforgettable experience âœ´ï¸

âœª Contact name: informoonstudio.sunnymedia@gmail.com

",5578409,22100,"['Electronic_music', 'Music', 'Pop_music']",189
UCsqfU7_IxDNkDZRfQ7Vs2jg,T00n Music,"T00n | Hip-hop Music Producer in Saigon, Vietnam


",674267,6720,"['Electronic_music', 'Pop_music', 'Hip_hop_music', 'Music']",79
UCJrmJyCii8wxixz0FkKrArg,Guitar Music,"Welcome to the guitar music library!
",58088218,426000,"['Classical_music', 'Music']",139
UCKCzhWD9rOF74RbOnWXEj9w,Deluxe Music,"Orinn Music lÃ  Ä‘á»™i ngÅ© sáº£n xuáº¥t nhá»¯ng dá»± Ã¡n Ã¢m nháº¡c hÃ ng Ä‘áº§u Viá»‡t Nam.

Náº¯m báº¯t Ä‘Æ°á»£c xu hÆ°á»›ng nghe nháº¡c hiá»‡n nay, Orinn cÃ³ thá»ƒ há»— trá»£ nghá»‡ sÄ© remake láº¡i nhá»¯ng giai Ä‘iá»‡u gá»‘c Ä‘á»ƒ cho ra máº¯t má»™t phiÃªn báº£n má»›i viral hÆ¡n, trending hÆ¡n trÃªn Facebook, Tiktok vÃ  Youtube.

Vá»›i há»‡ thá»‘ng vá» Ã¢m nháº¡c hÃ ng Ä‘áº§u táº¡i Viá»‡t Nam, Orinn hi vá»ng Ä‘em Ä‘áº¿n sá»± tÆ°Æ¡i má»›i trong Ã¢m nháº¡c cho nghá»‡ sÄ© vÃ  khÃ¡n giáº£ nghe nháº¡c.

Má»i thÃ´ng tin liÃªn há»‡ táº¡i: contact@orinn.net
",28961045,83800,"['Electronic_music', 'Music', 'Pop_music']",463
UCMxCwD8bLI6bYCJ1tfKjrjQ,Super Music Mix,,4452682,25100,"['Electronic_music', 'Pop_music', 'Hip_hop_music', 'Music']",154
UCH-WdqIUg65rIxyrXXBdNpg,LV MUSIC,"VÃµ ThÃ nh LuÃ¢n
â€”â€”â€”â€”â€”â€”â€”â€”â€”â€”â€”â€”â€”â€”â€”â€”â€”â€”â€”-
â€¢ Zalo: 0365060657
â€¢ Gmail: lv.contact.404@gmail.com",9448395,15700,"['Pop_music', 'Electronic_music', 'Music']",89
UCAJZAYpfUioh7M8uV8stfHg,SEA Music,,1123968,9530,"['Electronic_music', 'Music', 'Pop_music']",144
UCkD0c5xbBXlNKQR07NZfb-w,Cats Love Music,"Cats Love Music is a music channel for pets ğŸ˜»

Cats Love Music specializes in piano music, soft and soothing sounds, cat meows, harp sounds, and more. With cat videos designed to help people with a variety of issues including stress, trouble sleeping, loneliness, boredom, and depression by using:

â€¢ Relaxing Music Therapy
â€¢ Cats Videos
â€¢ Advice and Comforting comment

In addition, this music helps cats to become calm, reduce anxiety and stress when alone at home, soothe anxiety and insecurity for cats, relax when being with owners.

Please enjoy music with your cat!

Best wishes,
Cats Love Music
",12267271,30700,"['Music', 'Pet', 'Lifestyle_(sociology)']",506
UClandjXt3mu7WdDyTzI8dGQ,Legend Music Radio,"Legend Music Radio

Deep House Mix | Best Of Vocal House Music
Avicii, Maroon 5, Selena Gomez, Alan Walker, Miley Cyrus, Ellie Goulding â›…ï¸ Summer Vibes Deep House
Summer Music Mix 2023 ğŸ¶ Best Of Vocals Deep House ğŸ¶ David Guetta, Rema, Alan Walker, Miley Cyrus
IBIZA SUMMER MIX 2023 â†  Dubai, Bali, Greece, Iceland, Paradise ğŸŒ´ SUMMER MIX
IBIZA SUMMER MIX 2023 ğŸ¬ Best Of Tropical Deep House Music Chill Out Mix ğŸ¬ Summer Mix 2023
Mega Hits 2023 ğŸŒ± The Best Of Vocal Deep House Music Mix 2023 ğŸŒ± Summer Music Mix 2023
Avicii, Maroon 5, Coldplay, Ellie Goulding, Selena Gomez Cover â›… Summer Vibes Deep House Mix

",17677117,21800,"['Electronic_music', 'Music', 'Pop_music']",208
UC_0X20s5VVUQJllk_S3FCPQ,HealingMate - Dog Music,"ì•ˆë…•í•˜ì„¸ìš”. ""íë§ë©”ì´íŠ¸""ëŠ” ê°•ì•„ì§€ì˜ íœ´ì‹ & ì§„ì •ìŒì•…, ìˆ˜ë©´ìŒì•…, ìŠ¤íŠ¸ë ˆìŠ¤í•´ì†Œ, ë…ì„œìŒì•…ë“±ì„ ì „ë¬¸ìœ¼ë¡œ ì œì‘í•˜ëŠ” ìŒì•…ì±„ë„ì…ë‹ˆë‹¤.""íë§ë©”ì´íŠ¸""ëŠ” ì‘ê³¡ê°€ë“¤ì´ ì‹¬í˜ˆì„ ê¸°ìš¸ì—¬ ë§Œë“  ìŒì•… ê°ë¯¸ë¡œìš´ í”¼ì•„ë…¸ ì—°ì£¼ê³¼ ìì—°ì˜ì†Œë¦¬ ë“±ì´ ì¡°í™”ë¡­ê²Œ ë¯¹ì‹±ë˜ì–´ì§„ ìŒì•…ì„ ì—…ë¡œë“œ í•˜ê³  ìˆìŠµë‹ˆë‹¤.ë˜í•œ ""íë§ë©”ì´íŠ¸""ëŠ” êµ¬ë…ìë‹˜ê³¼ ì‹œì²­ìë‹˜ë“¤ì˜ ê°•ì•„ì§€ ì‚¬ì§„ì´ë‚˜ ì˜ìƒì„ ë³´ë‚´ì£¼ì‹œë©´ ì¸ë„¤ì¼ì´ë‚˜ ì˜ìƒ ì œì‘ì‹œ ë°°ê²½í™”ë©´ì— ë„£ì–´ë“œë¦¬ëŠ” ì°¸ì—¬í˜• ìœ íŠœë¸Œ ì±„ë„ì…ë‹ˆë‹¤.ì ìëŠ” ëª¨ìŠµ, ì¦ê²ê²Œ ë›°ì–´ë…¸ëŠ” ëª¨ìŠµ, íœ´ì‹í•˜ê³  ìˆëŠ” ëª¨ìŠµ ëª¨ë‘ ê°€ëŠ¥í•˜ë©° ê°€ëŠ¥í•œ ê°€ë¡œë¡œ ì°ì€ ì‚¬ì§„ì´ë‚˜ ì˜ìƒì´ ì œì‘ì‹œ ë” ë„ì›€ì´ ë©ë‹ˆë‹¤. ì•„ë˜ì˜ ì´ë©”ì¼ì£¼ì†Œë¡œ ì‚¬ì§„ì´ë‚˜ ì˜ìƒì„ ë³´ë‚´ì£¼ì„¸ìš”

E-mail: healingmate457@gmail.com 

Hello, â€œHealing Mateâ€ is a music channel that makes relaxing dog Music& dog calming music,sleep music, stress relief music, and reading music. Allâ€œHealing Mateâ€ music pieces are carefully composed by composers, and we upload music in harmony with sweet piano sound and nature sound Also Send us photographs or video clips of your dog (sleeping, playing, or relaxing) and we will use them for include them in our video. 
We hope you make good memories! Please send them to email address below.
Spend a relaxing time with your dog. Thank you ;)

E-mail: healingmate457@gmail.com 
",64224194,115000,"['Pet', 'Lifestyle_(sociology)']",751
UCoKSgwztNZQqiKd0u28GeiQ,HZ MUSIC,"live with musicğŸ§

Dont forget subcribe ğŸ™",68775315,208000,"['Electronic_music', 'Music', 'Pop_music']",315
UChlcwJLWLQ26mDTUwjoDbjg,WM Music,"WM MEDIA lÃ  cÃ´ng ty sáº£n xuáº¥t vÃ  truyá»n thÃ´ng Ã¢m nháº¡c. Vá»›i há»‡ thá»‘ng vá» Ã¢m nháº¡c phong phÃº, Ä‘Ã£ dáº¡ng, WM MEDIA hi vá»ng Ä‘em Ä‘áº¿n sá»± tÆ°Æ¡i má»›i trong Ã¢m nháº¡c cho nghá»‡ sÄ© vÃ  khÃ¡n giáº£.
âœ‰ Há»£p tÃ¡c, quáº£ng cÃ¡o, khiáº¿u náº¡i cÃ¡c váº¥n Ä‘á» vá» báº£n quyá»n liÃªn há»‡ chÃºng tÃ´i qua mail: contact@wmmusic.net

Â© Copyright WM Media
Â© Copyright by WM Media â˜ Do not Reup

",17262259,35100,"['Pop_music', 'Music', 'Electronic_music']",64
UCVX_4LoUm4mdZBPdpMJkkSQ,kno Music,"kno Music will take you to the soothing and relaxing world to deliver you the finest sleep and calmness.
Please enjoy the world of kno Music and always hope you have a wonderful day.

Every music is genuinely arranged, composed, and performed by kno. 
Reproducing all or any part of the contents is prohibited without permission.
All rights reserved to kno.
",86563371,215000,"['Pop_music', 'Music']",96
UCJkavOmVQ9vwss_Vo8spFFQ,Joy Music - Jazz Taiwan,"â˜• Discover the Jazz and Bossa Nova greatest hits ! 
â™« Jazz & Bossa Collection is your channel for all the best jazz and bluesmusic. Find your favorite songs and artists and experience the best of Jazz music , Bossa Nova, Blues music. Subscribe for free to stay connected to our channel andeasily access our video updates! 

â˜• About Joy Music
We are making Cafe music for relaxation, for work, for study, etc.All music in this video & in this channel is original music by us.We are playing all the songs.

ğŸ“œ â€œJoy Musicâ€ produces and provides music to the world with the theme â€œAlong with musicâ€.
We are recording every month. Our music is used in countries all over the world including TV commercials, movies, hotels, beauty salons, cafes, company receptionists, and shops.We hope that our music without borders will give our listeners a bright and beautiful day every day.

Official web site: http://unicornrecording.com/
ğŸ“© Gmail : copyright@unicornrecording.com",26450266,78800,"['Music', 'Lifestyle_(sociology)', 'Electronic_music', 'Jazz', 'Music_of_Latin_America']",1593
UC3zwjSYv4k5HKGXCHMpjVRg,Epic Music VN,"Epic Music VN - Listen To Become A Legend
Epic Music Community where you can find the best of Epic music in many genres: Action, Battle, Adventure, Emotional, Fantasy, Heroic... And of course, our finest collection of Epic Cinematic, when music and movie combined to deliver a whole new experience.

ğŸŒ´ Follow Us
â€¢ Facebook â†’ https://emvn.co/facebook
â€¢ YouTube â†’ https://emvn.co/youtube
â€¢ 2nd Channel â†’ https://emvn.co/youtube2
â€¢ Spotify â†’ https://emvn.co/spotify
â€¢ Discord â†’  https://emvn.co/discord

âœ‰ï¸ Hire Us
â€¢ Portfolio â†’ https://emvn.co/portfolio
â€¢ Post-production service â†’ phong@emvn.co
â€¢ License music in Vietnam â†’ license@emvn.co 

âš¡ Support Us
Become a Patron (monthly) â†’ https://emvn.co/patreon
Buy us a coffee (one-time) â†’ https://paypal.me/emvncoffee

ğŸ“ Submissions
â€¢ Music & Cinematic â†’ http://emvn.co/submitMusic

COPYRIGHT Â© & FAQ 
â€¢ This video was given a special license directly from the artists visual and audio.
â€¢ All music on Epic Music VN are copyrighted

",408658060,1180000,"['Electronic_music', 'Music']",1656
UC1-i7CEArNT6aw34SOF6blw,HP Music,"KÃªnh Tá»•ng Há»£p Nhá»¯ng Nháº¡c Hot Nháº¥t Hiá»‡n Nay
â˜… Náº¿u báº¡n tháº¥y hay thÃ¬ Like & Subcribes vÃ  áº¤n chuÃ´ng ğŸ”” thÃ´ng bÃ¡o Ä‘á»ƒ khÃ´ng bá» lá»¡ video má»›i!

â˜… CHÃšC CÃC Báº N NGHE NHáº C VUI Váºº â˜…

âœ‰ Há»£p tÃ¡c, quáº£ng cÃ¡o, khiáº¿u náº¡i cÃ¡c váº¥n Ä‘á» vá» báº£n quyá»n:
â–º PhÃ¡t HÃ nh Ã‚m Nháº¡c Sá»‘, Sáº£n Xuáº¥t Ã‚m Nháº¡c Äá»™c Quyá»n Táº¡i 9C Media.
â–º Nháº­n LÃ m Beat, Remixes,... Há»£p TÃ¡c Sáº£n Pháº©m TÃ¡c Quyá»n.
â–º Báº£n quyá»n thuá»™c vá» 9C Media & CÃ¡c BÃªn LiÃªn Quan Vui lÃ²ng khÃ´ng Ä‘Äƒng táº£i ca khÃºc nÃ y khi chÆ°a Ä‘Æ°á»£c cáº¥p tÃ¡c quyá»n. LH Báº£n Quyá»n : contact@9cmedia.net

Â© Báº£n quyá»n video thuá»™c vá» Nháº¡c Phá»‘ Remix 
Â© Copyright by vá» Nháº¡c Phá»‘ Remix  & 9C Media â˜ Do not Reup",3446127,23200,"['Electronic_music', 'Music', 'Pop_music']",54
UCTIaA_PXyZq9x9fbeubv77Q,Tiáº¿n CÃ² Music,"Tiáº¿n CÃ² Music lÃ  kÃªnh ca nháº¡c giáº£i trÃ­ hÃ ng Ä‘áº§u Viá»‡t Nam.

ÄÄƒng kÃ½ kÃªnh ngay Ä‘á»ƒ nghe Ä‘Æ°á»£c nhá»¯ng báº£n nháº¡c bay Ä‘áº³ng cáº¥p vinahouse, nháº¡c dj nonstop vinahouse cá»±c máº¡nh hay nháº¥t má»i thá»i Ä‘áº¡i...
â–º ThÃ´ng Tin LiÃªn Há»‡ KÃªnh : Gmail : huy562161@gmail.com
â–º ÄÄƒng KÃ½ KÃªnh Tiáº¿n CÃ² Music Ngay Äá»ƒ Nghe Nháº¡c Hay Má»—i NgÃ y NhÃ©.
",98067334,138000,"['Electronic_music', 'Music', 'Pop_music']",347
UCHJpwujMeHBaUJuRBxDA5Nw,ZinK Music ãƒ„,"ÄÃ¢y LÃ  KÃªnh ChÃ­nh Thá»©c Cá»§a ZinK Music ãƒ„ Nha!
Nhá»› Like, Share, VÃ  Subscribe KÃªnh Äá»ƒ MÃ¬nh CÃ³ Äá»™ng Lá»±c Ra Máº¯t CÃ¡c Track Nháº¡c EDM vÃ  Lofi Tiáº¿p Theo :3. CÃ¡m Æ n Táº¥t Cáº£ Má»i NgÆ°á»i ÄÃ£ Quan TÃ¢m VÃ  Theo DÃµi! 

- GiÃºp MÃ¬nh Äáº¡t Láº¡i ÄÆ°á»£c Nhá»¯ng Cá»™t Má»‘c Sau Nha! 

â€¢ 10 Subscribe âœ…
â€¢ 20 Subscribe âœ…
â€¢ 50 Subscribe âœ…
â€¢ 100 Subscribe âœ…
â€¢ 200 Subscribe âœ…
â€¢ 500 Subscribe âœ…
â€¢ 600 Subscribe âœ…
â€¢ 800 Subscribe âœ…
â€¢ 900 Subscribe âœ…
â€¢ 1000 Subscribe âœ…
â€¢ 2000 Subscribe âœ…
â€¢ 5000 Subscribe âœ…
â€¢ 10000 Subscribe âœ…
â€¢ 20000 Subscribe âœ…
â€¢ 50000 Subscribe âœ—
â€¢ 100000 Subscribe âœ—

    CHÃšC CÃC Báº N NGHE NHáº C VUI Váºº ğŸ˜˜ğŸ˜˜ğŸ˜˜

Â© Má»i Ã½ kiáº¿n vÃ  tháº¯c máº¯c cá»§a cÃ¡c báº¡n cÃ³ thá»ƒ nháº¯n tin trá»±c tiáº¿p qua Facebook cá»§a mÃ¬nh
Hoáº·c cÃ³ thá»ƒ gá»­i qua Ä‘á»‹a chá»‰ email: khoitranzink@gmail.com
",12571248,35200,"['Pop_music', 'Music', 'Electronic_music']",89
UCyxAR98DHx6S4dF3-T-iK5w,H2K Music,"ÄÃ¢y lÃ  kÃªnh Youtube chÃ­nh thá»©c cá»§a H2K, Cáº­p nháº­t nhá»¯ng báº£n thu Ã¢m cháº¥t lÆ°á»£ng
linhnd@bhmedia.vn
",87399745,579000,"['Pop_music', 'Electronic_music', 'Hip_hop_music', 'Music']",135
UCYB4za4comHv4yYjgm6oMFA,TPT Music For Life,"TPT Music ForLife lÃ  chia sáº» tá»•ng tá»£p cÃ¡c bÃ i hÃ¡t nháº¡c tráº» buá»“n tÃ¢m tráº¡ng, cover, lofi, remix, acoustic hay nháº¥t hiá»‡n nay. Táº¥t cáº£ cÃ¡c sáº£n pháº©m chÃºng tÃ´i phÃ¡t hÃ nh táº¡i Ä‘Ã¢y Ä‘á»u lÃ  cÃ¡c sáº£n pháº©m do chÃºng tÃ´i sá»Ÿ há»¯u Ä‘á»™c quyá»n.
ÄÄƒng kÃ½ sub Ä‘á»ƒ Ä‘Æ°á»£c Ä‘Ã³n xem cÃ¡c clip má»›i nháº¥t, phÃ¡t hÃ nh sá»›m nháº¥t!

ÄÃ¢y lÃ  KÃªnh Youtube chÃ­nh thá»©c cá»§a CÃ´ng Ty Cá»• Pháº§n Truyá»n ThÃ´ng vÃ  Giáº£i trÃ­ Há»“ng Ã‚n. Táº¥t cáº£ cÃ¡c sáº£n pháº©m chÃºng tÃ´i phÃ¡t hÃ nh táº¡i Ä‘Ã¢y Ä‘á»u lÃ  cÃ¡c sáº£n pháº©m do chÃºng tÃ´i sá»Ÿ há»¯u Ä‘á»™c quyá»n.
ÄÄƒng kÃ½ sub Ä‘á»ƒ Ä‘Æ°á»£c Ä‘Ã³n xem cÃ¡c clip má»›i nháº¥t, phÃ¡t hÃ nh sá»›m nháº¥t!

ChÃºc cÃ¡c báº¡n vui váº» vÃ  hÃ£y á»§ng há»™ cÃ¡c sáº£n pháº©m Ã¢m nháº¡c cá»§a chÃºng tÃ´i trong thá»i gian sáº¯p tá»›i.
---------------------
Â© Báº£n quyá»n thuá»™c vá» Há»“ng Ã‚n Music
Â© Copyright by Hong An Music â˜ Do not Reup
",182845251,648000,"['Pop_music', 'Electronic_music', 'Music_of_Asia', 'Music']",297
UCJ8qK-Km-FTjFtnO9CYGhVA,F Music,"F Music - Giao Lá»™ Thá»i Gian - NÆ¡i thÆ°á»Ÿng thá»©c cÃ¢u chuyá»‡n Ã¢m nháº¡c báº±ng giai Ä‘iá»‡u qua nhá»¯ng lÃ¡t cáº¯t quÃ¡ khá»© - hiá»‡n táº¡i.
â–¶LiÃªn há»‡ Quáº£ng CÃ¡o/ TÃ i trá»£: fptplaybooking@gmail.com
Â© Báº£n quyá»n thuá»™c vá» F Music âŒ¦ Vui lÃ²ng khÃ´ng reup dÆ°á»›i má»i hÃ¬nh thá»©c!
",222685379,1030000,"['Pop_music', 'Music', 'Music_of_Asia']",636
UCp2W1q30N1cs9B4jfBRB1Ow,New Music Offical,"ChÃ o má»«ng cÃ¡c báº¡n Ä‘áº¿n vá»›i "" New Music Offical "" â¤ï¸. ÄÃ¢y lÃ  kÃªnh Ã¢m nháº¡c tuyá»ƒn táº­p nhá»¯ng báº£n remix, nonstop, vinahouse hay vÃ  hot nháº¥t hiá»‡n hay.
CÃ¹ng thÆ° giÃ£n vá»›i nhá»¯ng bÃ i hÃ¡t cá»§a mÃ¬nh nhÃ©. 

Nháº¥n ÄÄƒng KÃ½ kÃªnh Ä‘á»ƒ khÃ´ng bá» lá»¡ nhá»¯ng báº£n nháº¡c remix hay nháº¥t ğŸ˜: 
https://www.youtube.com/channel/UCp2W1q30N1cs9B4jfBRB1Ow

âœ‰ Há»£p tÃ¡c, quáº£ng cÃ¡o, khiáº¿u náº¡i cÃ¡c váº¥n Ä‘á» vá» báº£n quyá»n liÃªn há»‡ chÃºng tÃ´i qua mail: 
contact.newmediamusic@gmail.com 

Â© Báº£n Quyá»n Thuá»™c Vá» New Music Offical âŒ¦ Vui LÃ²ng KhÃ´ng Reup DÆ°á»›i Má»i HÃ¬nh Thá»©c!!!
Â© Copyright by New Music Offical & NEW Media â˜ Do not Reup
",6958003,37200,"['Electronic_music', 'Music', 'Pop_music']",132
UCEepTsC1cUmjyzifzGAPnIw,Habana Music,"Hello and welcome to ""Habana Music"" !

Introducing my music channel. This channel is created to help people relax their mind and body.

Music plays an important role in helping us lead a better life. Listening to musical instruments in each activity such as studying, relaxing, sleeping, ... helps us to achieve better efficiency.
",55043112,169000,"['Classical_music', 'Music']",137
UCaXUMMBlRvK20-hIYeYjHtA,Online Academy of Irish Music,"Learn Irish music from authentic, professional Irish music tutors using our proven system from the comfort of your own home.",11765334,101000,"['Music', 'Classical_music']",254
UCRlGPGkprZAyXxcFwmtjgzQ,FeFa Music,"â— Fefa Music kÃªnh trá»±c thuá»™c CÃ´ng Ty ACV Entertainment

â–º Website: https://acventertainment.com/
â–º Fanpage: https://www.facebook.com/ACVMusic.com.vn
â–º Contact: cuongacvmusic90@gmail.com
â–º Booking: 0968.191.333 ( Mr. NghÄ©a)
â–º Mail: bookingacv@gmail.com

âœ‰ Khiáº¿u náº¡i cÃ¡c váº¥n Ä‘á» vá» báº£n quyá»n liÃªn há»‡ chÃºng tÃ´i qua mail: quanlybqacvytb01@gmail.com
",52485597,106000,"['Electronic_music', 'Music', 'Pop_music']",728
UCDmq6-zMhFuzlzdWfAXuNHw,Library Music,"ğŸµ Welcome to ""Library Music"" channel - destination of top song US - UK.
ğŸµ I hope that You will have wonderful moments with our music.
ğŸµ Subscribe now to never miss out on your next favorite song.
",1722973,7020,"['Electronic_music', 'Pop_music', 'Music']",1232
UCOxqgCwgOqC2lMqC5PYz_Dg,Chillhop Music,"Laidback beats for a more relaxed everyday life. ğŸ¶

ğŸ˜Š â˜ Listen to our music on Spotify, Apple Music & other services
â†’ https://chillhop.com/listen

",614489250,3280000,"['Lifestyle_(sociology)', 'Music']",770
UCXu1JEW_AC6V6194Nw-0wNQ,Angel Healing Music,"Welcome to our Angel Healing Music (formerly, Binaural Beats Sounds). This chakra music channel will focus on developing the best chakra healing music for all 7 chakras. This will include music to balance and align the chakras, healing brainwaves, mantras, solfeggio music and deep meditative music.

Please remember that our music is never to take the place of professional medical advice and is not recommended to use whilst driving or operating machinery of any kind.
",120313291,734000,"['Rock_music', 'Music', 'Electronic_music']",619
UCRA1O1myxsOJmL5BlG1Qavw,Positive Energy Relaxation Music,"
Welcome to Positive Energy Relaxation Music ğŸµ
Relax your mind, eliminate stress, increase concentration of work and study. Relax your mind and body can help ease stress, can also relieve anxiety, depression, and sleep problems. Music pure energy easily helps us overcome fatigue, stress, anxiety... 
We hope for the best and happiness to everyone.

Best wishes,
Michael",184005429,1300000,"['Electronic_music', 'Music', 'Health']",450
UCAv46WficfQxzlhyHJCbWiw,NatoZ Music,"Má»i ngÆ°á»i nhá»› á»§ng há»™ mÃ¬nh Ä‘Æ°á»£c cÃ¡c má»‘c sau nha :
100 sub âˆš (17/3/2021)
500 sub âˆš (28/5/2021)
1000 sub âˆš (6/6/2021)
2000 sub
5000 sub
10000 sub 
20000 sub 
100000 sub 
..............................~_~
ChÃºc cÃ¡c báº¡n nghe nháº¡c vui váº»^_^",1397012,4240,"['Electronic_music', 'Music', 'Pop_music']",107
UCUgXK2UjZ8G_EM438aYkGrw,POPS MUSIC,"KÃªnh YouTube Ã¢m nháº¡c hÃ ng Ä‘áº§u Viá»‡t Nam hiá»‡n nay.
POPS Music hiá»‡n Ä‘Ã£ vÃ  Ä‘ang lÃ  Ä‘á»‘i tÃ¡c cá»§a cÃ¡c ca sÄ©, nghá»‡ sÄ© hÃ ng Ä‘áº§u táº¡i Viá»‡t Nam tá»« nÄƒm 2007 vá»›i ná»™i dung Ã¢m nháº¡c má»›i háº±ng ngÃ y. Táº¡i POPS Music báº¡n cÃ³ thá»ƒ tÃ¬m tháº¥y nhá»¯ng bÃ i hÃ¡t ná»•i tiáº¿ng thuá»™c nhiá»u thá»ƒ loáº¡i nháº¡c Ä‘a dáº¡ng nhÆ° Pop, Bolero, EDM, Remix vÃ  nhá»¯ng kÃªnh ca sÄ© hÃ ng Ä‘áº§u hiá»‡n nay, cÃ¡c nhÃ  sÃ¡ng tÃ¡c nháº¡c, soáº¡n giáº£, cÃ¡c nhÃ  sáº£n xuáº¥t ná»™i dung, ca sÄ© háº£i ngoáº¡i ná»•i tiáº¿ng.

NgoÃ i ra báº¡n cÃ³ thá»ƒ:
Táº£i á»©ng dá»¥ng giáº£i trÃ­ POPS dÃ nh cho gia Ä‘Ã¬nh / Download POPS app to enjoy family entertainment contents: http://bit.ly/app-POPSmusic-1
Truy cáº­p website POPS.vn Ä‘á»ƒ xem thÃªm nhiá»u ná»™i dung giáº£i trÃ­ hay / Visit POPS.vn for more entertainment content: http://bit.ly/POPS-popsmusic-1
",8025322238,10000000,"['Pop_music', 'Music', 'Music_of_Asia']",18286
UC1EQAMo9iWWkq3SuYZ06ZWw,Nekko Music,"Nekko Remix lÃ  kÃªnh nháº¡c tá»•ng há»£p nhá»¯ng báº£n remix hot nháº¥t hiá»‡n nay. CÃ¹ng nghe vÃ  thÆ° giÃ£n sau nhá»¯ng giá» há»c táº­p, lÃ m viá»‡c má»‡t má»i nhÃ© cáº£ nhÃ .

ÄÄƒng kÃ½ kÃªnh giÃºp Nekko Ä‘áº¡t Ä‘Æ°á»£c nÃºt báº¡c nhÃ©

â–º Há»£p tÃ¡c, quáº£ng cÃ¡o, lÃ m video, Ä‘Äƒng nháº¡c lÃªn X2X GROUP liÃªn há»‡ chÃºng tÃ´i qua mail: x2x.booking@gmail.com

Â© Báº£n quyá»n Video thuá»™c vá» Nekko Remix / X2X GROUP
Â© Copyright by Nekko Remix / X2X GROUP  â˜ Do not Reup
",34711518,98500,"['Electronic_music', 'Music']",596
UC4L-dSrzbPoZcr1Av5GvwKw,Open Heart Music - Helios 4K,"I am a composer, I started this channel with a simple vision: to create a place that you can visit whenever you want to sit down and relax. I compose music that often can be described as sleep music, calm music, yoga music, study music, peaceful music, beautiful music and relaxing music. I love to compose music and I put a lot of work into it. 

Thank you very much for listening and for leaving feedback. Every single day I am completely astonished by all your warm support and it really inspires me to work even harder on my music. If you enjoy my work, I would be very happy if you decided to subscribe and join our community. Have a wonderful day or evening!

If you have any problem with copyright issues, or question please do not report me, take your time to contact us via mail, and we will resonse withn 48h

Mail: relax@wondermusic.us
",100115786,617000,['Music'],360
UCWzZ5TIGoZ6o-KtbGCyhnhg,College Music,"At College Music, we find and showcase the latest work from up and coming artists. Whether you're about to go out, having a party or just relaxing; we aim to represent something exciting, attractive and inviting.  The name originated because a small group of friends while at college struggled to find music which had originality and didn't conform to the generic ""pop"" which was consistently released to the public. College Music is about new music from unheard artists and providing a platform for them to be heard by listeners like us. We firmly believe that a brandâ€™s name, ethos, and content should all align together. For us, our name ties in perfectly. 

If for any reason you would like your work removed, contact us here:
copyright@collegemusic.co.uk

Music submissions: submissions@collegemusic.co.uk

Submit to our photo pool:Â https://photo.collegemusic.co.uk


",210820279,1220000,"['Electronic_music', 'Jazz', 'Hip_hop_music', 'Music']",1126
UC4ze6__AhoJOtZqzXLR3Eqg,Mei Music,"KÃªnh ChÃ­nh Thá»©c Cá»§a Mei Music
 ---------------------------------------------------------------
KÃªnh Mei Music LÃ m Nháº¡c Nightcore - Speed Up Hot TikTok
----------------------------------------------------------------
Â© Copyright by Mei Musicâ˜ Do not Reup
----------------------------------------------------------------
âœ‰ Náº¿u cÃ³ báº¥t cá»© tháº¯c máº¯c, khiáº¿u náº¡i nÃ o vá» báº£n quyá»n hÃ¬nh áº£nh cÃ³ trong video liÃªn há»‡ qua gmail bÃªn dÆ°á»›i 
 Xin cáº£m Æ¡n!
-----------------------------------------------------------------
Contact: meimediamusic.official@gmail.com
-----------------------------------------------------------------
Mei Musicâœ“",4655391,16000,"['Music', 'Electronic_music', 'Pop_music']",131
UC5rjvXCo0zQrxVryLSI8-PA,Viking Music,"Wellcome To Channel..!
âœ”Please guys help and support this channel. THANK YOU SOO MUCH GUYS FOR LISTENING, hope you guys enjoy to listen my music.
âœ… Subscribe My Channel to update new videos
âœ…Help Us to Get 100.000 Subscribers, PLEASE !!!: 

âœ All video is purely fan-made, if you (owners) want to remove this video, please CONTACT US DIRECTLY before doing anything. We will respectfully remove it.
ğŸ’Œhosynham.na@gmail.comğŸ’Œ

âœ Music in my videos owned by Danheim
âœ A special thanks to the Danheim who gave me permission to use their songs in our videos.
",24829358,107000,['Music'],633
UCR2TTDk_ZdXYivvnoWxjNAw,HC Music,"â¤ áº¤n ÄÄƒng KÃ½ kÃªnh Äá»ƒ á»¦ng Há»™ MÃ¬nh Nha â¤
â¤ KÃŠNH Ã‚M NHáº C THUá»˜C Há»† THÃ”NG BM MUSIC GROUP 
â¤ âœ‰ Há»£p tÃ¡c, quáº£ng cÃ¡o, khiáº¿u náº¡i cÃ¡c váº¥n Ä‘á» vá» báº£n quyá»n:
â–º PhÃ¡t HÃ nh Ã‚m Nháº¡c Sá»‘, Sáº£n Xuáº¥t Ã‚m Nháº¡c Äá»™c Quyá»n Táº¡i BM Music Group :
â–º Nháº­n LÃ m Beat, Remixes,... Há»£p TÃ¡c Sáº£n Pháº©m TÃ¡c Quyá»n.
â–º Báº£n quyá»n thuá»™c vá» BM Music Group & CÃ¡c BÃªn LiÃªn Quan Vui lÃ²ng khÃ´ng Ä‘Äƒng táº£i ca khÃºc nÃ y khi chÆ°a Ä‘Æ°á»£c cáº¥p tÃ¡c quyá»n. LH Báº£n Quyá»n : betnation21@gmail.com
Â© Báº£n quyá»n video thuá»™c vá» BM Music Group
Â© Copyright by BM Music Group â˜ Do not Reup
â¤ LIÃŠN Há»† Há»¢P TÃC QUáº¢NG BÃ ğŸ‘‰hcmussic@gmail.com
â¤ TIKTOK Cá»¦A MÃŒNH NÃˆ :https://www.tiktok.com/@hcmussic98
-------------------------------------------------------------
â–º Website: https://www.miimedia.net/
â–º Náº¿u cÃ³ báº¥t ká»³ váº¥n Ä‘á» nÃ o liÃªn quan Ä‘áº¿n báº£n quyá»n trong video, xin vui lÃ²ng liÃªn há»‡: contact@miimedia.net
â–º If you have any questions, complaints about image copyright as well as music included in the video, please contact the owner directly via Email: contact@miimedia.net
",9546106,34300,"['Pop_music', 'Electronic_music', 'Music', 'Independent_music']",46
UCWNtkLbRVl3LO5ktp1ghh0Q,Dolce Music,"Dolce Music LÃ  KÃªnh Ã‚m Nháº¡c Cá»§a Sea Team
----------------------------------------------------------------------------------
â˜ LH: contact.seamediamusic@gmail.com
Â© Báº£n quyá»n Video thuá»™c vá» Dolce Music
Â© Copyright by Dolce Music  â˜ Do not Reup.
",57722273,105000,"['Electronic_music', 'Music', 'Pop_music']",91
UCGjd2P9By_xh0-UrGW3SaZw,( LUX )  - Ambient Music,"Hi.
IÂ´m LUX. IÂ´m musician and composer.
I hope you like my music, isnpired in film and cinematic music. Music for relax and escape. Sci Fi, Cyberpunk, Ambient music
I would appreciate your support in this adventure. Please subscribe, comment and share. I am grateful to you for listening.
All the best 

The lux (symbol: lx) is the SI derived unit of illuminance

",2231569,37500,"['Rock_music', 'Independent_music', 'Electronic_music', 'Music']",147
UCf4nYHJi6V0_lil4uGX4HwQ,Nick Music,"Welcome to the Nick Music channel, your go-to hub of Nickelodeon music that has all the music for the making of ultimate slumber parties, dance parties, and so much more! 

Rock out to your favorite songs from Victorious, swoon over Big Time Rush crushes and Henry Danger ships, and dance away to theme songs from SpongeBob to the Really Loud House! Nick Music is the place to listen to your favorite songs, discover new amazing songs and artists, and then share the fun with your friends! 

Enjoy new uploads every week featuring karaoke sing-alongs, full songs to match your mood, and compilations for uninterrupted listening. Get ready to dance and sing!

Subscribe to the Nick Music YouTube Channel: https://at.nick.com/NickMusicSubscribe
Watch more videos on the Nick Music YouTube Channel: https://at.nick.com/NickMusic
",85748909,152000,"['Entertainment', 'Film', 'Television_program', 'Pop_music', 'Music']",268
UC_9eLT-y0NkwlbcZaZKN7Mg,Mii Music,"æ¬¢è¿æ¥åˆ°æ˜­æ­¦éŸ³ä¹YouTube Mii Musicï¼
â–º ä¸“æ³¨RemixéŸ³ä¹æµæ´¾çš„é¢‘é“ï¼šä¸­å›½
â–º ç‚¹å‡»æ³¨å†Œæˆä¸ºç¬¬ä¸€ä¸ªçœ‹åˆ°æˆ‘æœ€æ–°äº§å“çš„äººï¼
https://www.youtube.com/c/MiiMusic1
â–¶ å…³æ³¨é¢‘é“
â™« YouTubeï¼šhttps://www.youtube.com/c/MiiMusic1
â™« å¾®åšï¼šhttps://weibo.com/u/7871705539
â™« ç½‘å€ï¼šzhaowu.org
â–¶ å¦‚æœæ‚¨å‘ç°ç‰ˆæƒç›¸å…³é—®é¢˜ï¼Œè¯·è”ç³»ï¼
é‚®ç®±ï¼šsupport@zhaowu.org
",16946556,74200,"['Electronic_music', 'Music']",375
UCtVt72Xq0qMvRSfyDDiqHhw,MEGA GS MUSIC,"ChÆ°Æ¡ng trÃ¬nh â€œSÃ n Chiáº¿n Giá»ng HÃ¡tâ€ (Singer Auction) do CÃ´ng ty Mega GS Communication phá»‘i há»£p vá»›i ÄÃ i Truyá»n hÃ¬nh Viá»‡t Nam thá»±c hiá»‡n. Báº£n quyá»n chÆ°Æ¡ng trÃ¬nh thuá»™c vá» NBCUniversal International Formats.

- - - - - - - - - - - - - - - - - - - - - - - - - - - 
KÃŠNH CHÃNH THá»¨C Cá»¦A MEGA GS MUSIC, áº¤N SUBSCRIBE NGAY Äá»‚ THEO DÃ•I VIDEO Má»šI NHáº¤T!
â–º Subscribe: http://popsww.com/megagsmusic
â–º Website official: http://megags.vn
â–º Fanpage: https://facebook.com/MegaGSEntertainment",984707265,1550000,"['Television_program', 'Music_of_Asia', 'Music', 'Pop_music', 'Entertainment']",606
UCprG5uvgUVRN5r6F8EW30nA,Nam Viá»‡t Music,"â–ºNam Viá»‡t KÃªnh Youtube Giáº£i trÃ­ - Ã‚m nháº¡c - HÃ i ká»‹ch phong phÃº nháº¥t Viá»‡t Nam hiá»‡n nay.

â™« Nam Viá»‡t Music phÃ¡t hÃ nh nhiá»u sáº£n pháº©m Ã¢m nháº¡c cá»§a cÃ¡c ca sÄ© ná»•i tiáº¿ng : QuÃ¢n AP, Trung QuÃ¢n, Äá»©c PhÃºc, NgÃ´ Kiáº¿n Huy, LÃ¢m Cháº¥n Khang, ChÃ¢u Kháº£i Phong, Há»“ Quang Hiáº¿u, Khá»Ÿi My, Saka TrÆ°Æ¡ng Tuyá»n, Pháº¡m TrÆ°á»Ÿng, LÃª Báº£o BÃ¬nh, Nguyá»…n ÄÃ¬nh VÅ©, KhÃ¡nh PhÆ°Æ¡ng, Anh QuÃ¢n Idol, Wendy Tháº£o vÃ  nhiá»u ca sÄ© ná»•i tiáº¿ng khÃ¡c.

â™« ÄÄƒng kÃ½ https://goo.gl/gwtY98 Ä‘á»ƒ theo dÃµi MV, Phim Ca Nháº¡c vÃ  Nhá»¯ng Ca KhÃºc Nháº¡c Tráº» - Remix Má»›i vÃ  Nháº¥t

LiÃªn há»‡ báº£n quyá»n : copyrightnamviet@namvietmedia.com.vn hoáº·c copyright@metub.net

â™« Website: namvietmedia.vn",1789671000,3700000,"['Music_of_Asia', 'Electronic_music', 'Pop_music', 'Music']",1176
UCJSqD3sSdMr0mnSwv-_gD4Q,POPS Kids Music,"Xem ngay nhiá»u ná»™i dung giáº£i trÃ­ thiáº¿u nhi trÃªn á»¨NG Dá»¤NG POPS Kids: kids.pops.vn

KÃªnh nháº¡c thiáº¿u nhi hay nháº¥t dÃ nh cho bÃ© yÃªu vá»›i cÃ¡c video ca nháº¡c, bÃ i hÃ¡t thiáº¿u nhi vui nhá»™n, sÃ´i Ä‘á»™ng cÃ¹ng nhiá»u ná»™i dung thÃº vá»‹. Äáº·c biá»‡t: 
- Kho tÃ ng video ca nháº¡c phong phÃº vá»›i sá»± thá»ƒ hiá»‡n cá»§a cÃ¡c gÆ°Æ¡ng máº·t nhá»‰ ná»•i tiáº¿ng: BÃ o NgÆ°, Báº£o An, Nháº­t Lan Vy, HÃ  Mi, Phan Hiáº¿u KiÃªn, Gia KhiÃªm, NhÃ³m Hoa Máº·t Trá»i...
- Series ca nháº¡c thiáº¿u nhi ""Máº§m Chá»“i LÃ¡"" Ä‘Æ°á»£c hÃ ng triá»‡u báº¡n nhá» yÃªu thÃ­ch 

ÄÄƒng kÃ½ vÃ  nháº¥n chuÃ´ng Ä‘á»ƒ theo dÃµi nhiá»u sáº£n pháº©m má»›i trÃªn POPS Kids Music!

â–¶ï¸ Táº£i á»©ng dá»¥ng giáº£i trÃ­ POPS dÃ nh cho gia Ä‘Ã¬nh: http://bit.ly/ungdungPOPS-1
â–¶ï¸ Truy cáº­p website POPS.vn Ä‘á»ƒ xem thÃªm nhiá»u ná»™i dung cho thiáº¿u nhi / Visit POPS.vn for more kids' content
â–¶ï¸ ÄÄƒng kÃ½/Subscribe POPS Kids Music Youtube ch: https://goo.gl/VSocwd
â–¶ï¸ Theo dÃµi/Follow our Facebook: https://www.facebook.com/ pops.kids 
â–¶ï¸ Theo dÃµi/Follow our Twitter: https://twitter.com/Pops_Vietnam",846609540,1340000,"['Pop_music', 'Music', 'Music_of_Asia']",1791
UCIOirWYuPvdIQMCLnQVdH5A,BD MUSIC TRENDING,"Fanpage : https://www.facebook.com/ltmusicvietnam
KÃªnh thuá»™c há»‡ thá»‘ng BD Media Music
Táº¥t cáº£ cÃ¡c báº£n remix sá»­ dá»¥ng trÃªn kÃªnh Ä‘á»u cÃ³ tÃ¡c quyá»n vÃ  giáº¥y tá» há»£p phÃ¡p
YÃªu cáº§u khÃ´ng re-up ná»™i dung dÆ°á»›i má»i hÃ¬nh thá»©c
",41113371,87800,"['Electronic_music', 'Music', 'Pop_music']",519
UC7CLR70PwAff4tBUavQ42cw,Freak D Music,"Orinn Music lÃ  Ä‘á»™i ngÅ© sáº£n xuáº¥t nhá»¯ng dá»± Ã¡n Ã¢m nháº¡c hÃ ng Ä‘áº§u Viá»‡t Nam.

Náº¯m báº¯t Ä‘Æ°á»£c xu hÆ°á»›ng nghe nháº¡c hiá»‡n nay, Orinn cÃ³ thá»ƒ há»— trá»£ nghá»‡ sÄ© remake láº¡i nhá»¯ng giai Ä‘iá»‡u gá»‘c Ä‘á»ƒ cho ra máº¯t má»™t phiÃªn báº£n má»›i viral hÆ¡n, trending hÆ¡n trÃªn Facebook, Tiktok vÃ  Youtube.

Vá»›i há»‡ thá»‘ng vá» Ã¢m nháº¡c hÃ ng Ä‘áº§u táº¡i Viá»‡t Nam, Orinn hi vá»ng Ä‘em Ä‘áº¿n sá»± tÆ°Æ¡i má»›i trong Ã¢m nháº¡c cho nghá»‡ sÄ© vÃ  khÃ¡n giáº£ nghe nháº¡c.

Má»i thÃ´ng tin liÃªn há»‡ táº¡i: contact@orinn.net
",1246535477,1430000,"['Pop_music', 'Music']",337
UC85XIrueRnvSsMAtlNpEH4A,TRÃšC Há»’ MUSIC,"á»¦ng há»™ TRÃšC Há»’ MUSIC - Báº£o tá»“n Ã¢m nháº¡c Viá»‡t Nam táº¡i háº£i ngoáº¡i
Mail: P.O Box 127, Garden Grove, CA 92843 
Credit Card: www.benemdangcota.com
Paypal: info@benemdangcota.com
Venmo: @truchomusicinc | (657) 263-8775 
Patreon: patreon.com/TrucHoMusic
Youtube membership: Báº¥m vÃ o JOIN Ä‘á»ƒ vÃ o Youtube membership 
youtube.com/truchomusicinc  
Äá»ƒ mua sáº£n pháº©m cá»§a TrÃºc Há»“ Music: www.truchomusic.com
",24664840,72200,"['Music_of_Asia', 'Music', 'Pop_music']",485
UCs1NcOISXZNdYEzn1pn1tQw,ST Music,"ST Music thuá»™c Star Media lÃ  Ä‘Æ¡n vá»‹ sáº£n xuáº¥t vÃ  truyá»n thÃ´ng Ã¢m nháº¡c vÃ  sáº£n xuáº¥t nhá»¯ng báº£n Remake remix, lofi, speed up â€œviralâ€ cháº¥t lÆ°á»£ng hÃ ng Ä‘áº§u. 

Star Media cÃ³ thá»ƒ há»— trá»£ nghá»‡ sÄ© remake láº¡i nhá»¯ng giai Ä‘iá»‡u gá»‘c Ä‘á»ƒ cho ra máº¯t má»™t phiÃªn báº£n má»›i viral hÆ¡n, trending hÆ¡n trÃªn Facebook, Youtube, Tiktok vÃ  nhiá»u ná»n táº£ng nháº¡c sá»‘ khÃ¡c.

Há»— trá»£ phÃ¢n phá»‘i Ã¢m nháº¡c Ä‘áº¿n cÃ¡c cá»­a hÃ ng nháº¡c sá»‘ Facebook, TikTok, Spotify, Apple Music hoáº¡t Ä‘á»™ng á»Ÿ cÃ¡c lÄ©nh vá»±c sáº£n xuáº¥t vÃ  quáº£ng bÃ¡ sáº£n pháº©m Ã¢m nháº¡c. ChÃºng tÃ´i táº¡o ra cÃ¡c sáº£n pháº©m vÃ  phÃ¡t triá»ƒn há»‡ sinh thÃ¡i truyá»n thÃ´ng cho cÃ¡c doanh nghiá»‡p, nghá»‡ sÄ© vÃ  ngÆ°á»i sÃ¡ng táº¡o ná»™i dung Ä‘á»ƒ Ä‘Æ°a sáº£n pháº©m vÃ  thÆ°Æ¡ng hiá»‡u cá»§a há» Ä‘áº¿n vá»›i hÃ ng triá»‡u khÃ¡ch hÃ ng vÃ  khÃ¡n giáº£.
",14191547,64200,"['Electronic_music', 'Music', 'Pop_music']",304
UCI2OiZs5aVcyBUBVsgovzng,YEAH1 MUSIC,"YEAH1 MUSIC - kÃªnh giáº£i trÃ­ Ã¢m nháº¡c lá»›n nháº¥t dÃ nh cho giá»›i tráº» táº¡i Viá»‡t Nam. NÆ¡i Ä‘Äƒng táº£i cÃ¡c chÆ°Æ¡ng trÃ¬nh ca nháº¡c, vÃ  MV má»›i nháº¥t cá»§a cÃ¡c ca sÄ© Ä‘ang HOT nháº¥t hiá»‡n nay.

YEAH1 MUSIC - the most popular music channel in Vietnam. SUBSCRIBE to stay updated of our new videos.

Follow YEAH1 MUSIC Ä‘á»ƒ Ä‘Æ°á»£c cáº­p nháº­t cÃ¡c thÃ´ng tin má»›i vÃ  nhanh nháº¥t:
+ Facebook: https://www.facebook.com/yeah1music
+ Instagram: https://www.instagram.com/yeah1music
",2420715951,3140000,"['Music', 'Entertainment', 'Pop_music', 'Music_of_Asia', 'Performing_arts', 'Lifestyle_(sociology)']",787
UCg6tKHUG169N5mT2aw6ZPbg,VMP,,107080,921,"['Pop_music', 'Music_of_Asia', 'Electronic_music', 'Music', 'Hip_hop_music']",20
UCnmocGJPcZKRY8xLc5Sb0Qw,Inner Healing Music,"Inner Healing Music comes from professional musicians who have decided to use their skills for the production of music for the spirit.

We chose spiritual music because we believe in its power on body and spirit.

In the channel you can find music to practice Reiki, Meditation, Yoga. Furthermore, tracks for  Relaxation, Sleeping, and compositions with Binaural Beats. 

We underline that our music cannot cure a health condition nor does it want to replace the advice of a doctor or health care provider. Moreover, never listen to our music whilst driving or operating machinery of any kind.

Enjoy your listening!

â„— 2014 - 2023 Inner Healing Music All rights reserved.
",60621413,375000,"['Lifestyle_(sociology)', 'Music', 'Electronic_music']",341
UCAZFX-1DlowS7TuxelrvVRA,Simply Music,,22292694,77900,"['Country_music', 'Pop_music', 'Independent_music', 'Music']",418
UCcb90xg58WKk3fgxY0R7DMw,The Diesel Podcast,"The Diesel Podcast chats with diesel industry leaders, racers, manufacturers and social media giants.  If you own a Cummins, Duramax or Powerstroke, this podcast has all youâ€™d ever want

Fueled by: 
Amsoil 
BD Diesel Performance
Choate Engineering Performance
Complete Performance
Danâ€™s Diesel Performance
DFC Diesel
Diesel World
Dirty Diesel Customs
DMAX Store
Driven Diesel
Dynomite Diesel Products
Fass Diesel Fuel Systems
Fleece Performance Engineering
Freedom Racing Engines
Gator Fasteners
Gen-Y Hitch
Hot Shot's Secret
J&K Engines
Jase Medical
KC Turbos
KT Performance
Kershaw
Magnolia Diesel Performance
Merchant Automotive
PPEI
Pure Diesel Power
Pusher Intakes
R&R Brand Management
SBI 
Stainless Diesel
Stealth Performance Products
Strictly Diesel
Texas Truck Jam
USA Diesel
Zero Tolerance Knives

Host: Patrick Ellis 
Executive Producer: Michelle Nicole

For Business Inquiries: 
Email: info@thedieselpodcast.com
",3940473,37700,"['Lifestyle_(sociology)', 'Vehicle']",597
UCdefE7iG6lboOMr7svVcQIQ,Air Time Podcast,"A snowboard podcast by Jody Wachniak. 

Visit - www.airtimepodcast.com

Presented by - www.vans.com 
Beverage - www.monsterenergy.com
Supported by  - www.gibbonswhistler.com
Shop Sponsor - www.sourceboards.com
Goggles / Eyewear - www.ashburyeyewear.com

Support the show - join the family!
https://www.patreon.com/airtimepodcast

",150849,1570,"['Lifestyle_(sociology)', 'Sport']",143
UCmi6OO6sTXuZfmKX1q12x9Q,The Minimalists Podcast (Old Episodes),We moved all new content to our main channel (link below). This channel contains old podcast episodes from The Minimalists.,6994716,95000,"['Society', 'Lifestyle_(sociology)', 'Religion']",281
UCB48D9vFzR2OKW53uI4q5Aw,How to Spanish Lessons & Podcast,"Â¡Hola! This channel is all about Spanish lessons and podcasts to help you improve your Spanish vocabulary, Spanish grammar and to help you get exposure to real-life language. You can find:

âœ…Intermediate/advanced podcast episodes
âœ…Spanish lessons
âœ…Fun Spanish vocabulary videos
âœ…Spanish vlogs
âœ…Spanish Livestreams

Be part of our awesome community of people who learn Real-Life Spanish. We are happy and proud creators of spaces where students can learn, grow and ğŸš€THRIVE. We'd love for you to join too!

HOSTS:
David and Ana, Mexican ğŸ‡²ğŸ‡½ former Spanish teachers, full-time Spanish content creators. We LOVE learning new things and we're sure we can help you LOVE learning Spanish too

ONLY for PODCASTS: Transcripts and exclusive study content ğŸ‘‰ğŸ¼ https://www.patreon.com/howtospanishpodcast
Instagram â¤ï¸@howtospanish_podcast
",4351695,70700,"['Lifestyle_(sociology)', 'Knowledge', 'Society']",351
UCOWSHgNJ-UifVvovBGPnaMw,Lore Podcast,"The official YouTube channel for Lore, the award-winning podcast about true life scary stories. Lore exposes the darker side of history, exploring the creatures, people, and places of our wildest nightmares through a modern campfire experience. And with over 375-million listens to-date, that's clearly a good thing.

We're adding episodes to this channel as quickly as we can. Subscribe and turn on alerts so you never miss a new story!
",787675,19000,"['Lifestyle_(sociology)', 'Music', 'Society', 'Entertainment', 'Religion']",278
UCZN-qYkmCDfWfP4qYEtsB_w,Paint Bravely The Podcast,"Casey (eBay Miniature Rescues) and Brent (Goobertown Hobbies) talk hobby and the importance of painting bravely.

The problem is that most people who start in this hobby quit within the first few years, and not because they donâ€™t enjoy the hobby. They become discouraged, they compare themselves, and their journey, to painters that have been doing it for years and year. They canâ€™t figure out a technique or donâ€™t think that they could ever paint â€œlike that,â€ and it creates a sense of unworthiness and fear. We are here to talk hobby, have some fun, and try and share our journeys in the hope that it will help you continue yours! After all, we are in this hobby to enjoy ourselves and have fun with friends. We want this podcast to be a place where you can find encouragement, discover ways to make your hobby fun, and most importantly Paint Bravely.",474807,7780,"['Lifestyle_(sociology)', 'Hobby']",104
UCY6xfL1cyfGQ5RjKR_25x-g,The Daily Ketchup Podcast,"The official channel for the The Daily Ketchup Podcast.

A news commentary podcast on the latest or weirdest happenings in Singapore and around the world, with a little bit of sauce.

New videos every Monday and Thursday, 6pm. (Sometimes Sunday at 5pm!)

From the people that brought you MOSG and Real Talk.

For business/sponsorship enquiries: singapore.sales@grvty.media
",26975811,101000,"['Society', 'Entertainment']",583
UCGeBogGDZ9W3dsGx-mWQGJA,IMPAULSIVE,"The world's greatest, most thought-provoking, mentally stimulating podcast in the history of mankind... hosted by a bunch of idiots.",725792525,4580000,"['Film', 'Lifestyle_(sociology)', 'Television_program', 'Entertainment']",421
UCGX7nGXpz-CmO_Arg-cgJ7A,PBD Podcast,"The PBD Podcast is hosted by Patrick Bet-David where he discusses a wide range of topics from business to current events, politics and sports. The show takes place in a VAULT two times a week and is based out of the Valuetainment studio in Fort Lauderdale.",282314610,1650000,"['Politics', 'Society']",1302
UCaTkibF_X59OMPtWgC_R0xQ,Off Track - The Motorcycle Racing Podcast,"Join us as we bring you the riders, their stories, plus information and entertainment from the world of #MotoGP #WorldSBK #britishsuperbikes and #roadracing every week!
",288275,3100,"['Vehicle', 'Lifestyle_(sociology)', 'Motorsport', 'Sport']",237
UCwjVjMU0tj2dn93rbWZs9_w,Spitballers Comedy Podcast,"Comedy podcasts are the best, but it's not easy to find clean comedy podcasts that are actually FUNNY! Welcome to the Spitballers Podcast with the award-winning trio of Andy, Mike, and Jason. These three dads will make you laugh as they discuss ridiculous topics, answer life's most difficult questions, and dish out life advice that you should never, ever take. We all need a little nonsense in our everyday lives.  Be a part of one of the best audiences around and enjoy a comedy podcast for the whole family with new episodes every Monday morning! The one comedy podcast you can't leave off your podcast roster.  Award-winning comedy every week!
",3909225,24300,"['Television_program', 'Entertainment', 'Film']",432
UC_7OWvMdbk9XpnkmpAo9ZyQ,The Residency Podcast,"Las Vegas is the worldâ€™s most eclectic hub for entertainment, pop culture, sports and business. The Residency Podcast delivers a voice for all this through insights into current cultural moments, opinions on major headlines and interviews with incredible guests. Presented by Mandalay Bay 

Listen on Apple Podcasts: https://podcasts.apple.com/us/podcast/the-residency-podcast/id1498286175

Listen on Spotify: https://open.spotify.com/show/5OI9N3lhEAWNqbwjldtkRY?si=9lIhXtCpR0WqMGBJJ5V5Ag

",64641686,34800,['Entertainment'],536
UCMscTXTK5Okm9v7IxVjCoiw,Talk Ville Podcast,"It was only a matter of time... Join costars Tom Welling (Clark Kent) and Michael Rosenbaum (Lex Luthor) as they dissect a new episode every week from one of the greatest shows of all time, Smallville. With this weekly dose of nostalgia you can look forward to an inside look at what it was like to film the episode, get some fun facts that only those on set could tell you, and hear whatâ€™s like for Tom and Michael to revisit the life changing saga that premiered nearly 20 years ago.
",8311412,144000,"['Film', 'Entertainment', 'Television_program']",88
UCCQT0joI7qmq1dXga-rP8uA,Profit Playbook Podcast,A weekly eBay podcast for resellers who want to take their reselling business to the next level.  Scott (@BeardedPIcker) and Jon (@FlippinAintEasy) collab every week to go over the information in the playbook to help lead you to profits.  We dive right into the content to tackle current reseller topics and issues.  Tune in every Saturday morning at 8am et / 11am pt.  ,71192,1200,['Lifestyle_(sociology)'],42
UCuaIy5fmf85DkOnUUdn4ihQ,OfflineTV Podcast,"We're OfflineTV! We are a group of content creators who got our start in gaming. Now we live in a house together and make cool videos. This is our official podcast, available on YouTube, Spotify, and Apple Podcasts.

Episodes release every other week on Mondays. Enjoy!

Michael Reeves
Disguised Toast
LilyPichu
Pokimane
Scarra
Yvonnie
Sydeon
Masayoshi
QuarterJade
",181973540,591000,['Entertainment'],246
UCdXsq_0BeYE5OHnrKuFGhHA,The Origins Podcast,"The Origins Podcast features in-depth CONVERSATIONS (not interviews) with some of the most interesting people in the world about the issues that impact all of us in the 21st century. Host, theoretical physicist, lecturer, and author, Lawrence M. Krauss, will be joined by guests from a wide range of fields, including science, the arts, and journalism. The topics discussed on The Origins Podcast reflect the full range of the human experience - exploring science and culture in a way that seeks to entertain, educate, and inspire.

See the exclusive, full HD videos of episodes at www.patreon.com/originspodcast
",12725868,154000,"['Entertainment', 'Society']",353
UChvWicmP0krcKyE5KHR9Mdg,Cimorelli Podcast,"Welcome to the Cimorelli Podcast! We are five sisters with wacky lives that get us into strange and entertaining situations. On our show we talk about relationships, sisterhood, faith, love, food, makeup,ghost stories, mini vans and MORE ğŸ’– Laugh with us! Cry with us. Get real with us. Join the fam! Subscribe and press the bell so you never miss out! ğŸ™ŒğŸ¼",7090242,66200,"['Entertainment', 'Film']",261
UCbk_QsfaFZG6PdQeCvaYXJQ,Jay Shetty Podcast,"Iâ€™m Jay Shetty host of On Purpose the worlds #1 Mental Health podcast and Iâ€™m so grateful you found us. I started this podcast 5 years ago to invite you into conversations and workshops that are designed to help make you happier, healthier and more healed. 

I interview experts, celebrities, thought leaders and athletes so that we can grow our mindset, build better habits and uncover a side of them weâ€™ve never seen before. 

Click the Subscribe button to help us spread the love with On Purpose.
--
Enroll in Genius Coaching to improve your life, deepen your relationships and find happiness every day: https://pages.jayshetty.me/genius/
â€“
Order My Books: 
Think Like a Monk: https://thinklikeamonkbook.com/
8 Rules of Love https://8rulesoflove.com/

â€“
Follow me on Social Media:
Instagram: https://www.instagram.com/jayshetty/
Tiktok: https://www.tiktok.com/@jayshetty
Facebook: https://www.facebook.com/JayShettyIW/",200741024,2440000,"['Lifestyle_(sociology)', 'Health', 'Entertainment']",537
UCk5L8UqKSDwedgZBia8ccuQ,The Andrew Price Podcast,,382448,10800,"['Knowledge', 'Lifestyle_(sociology)']",38
UC5-mdr7bmI8_SPWc76qTGJg,Mike Force Podcast,"The 'Mike Force Podcast' is your window to my 20 year experience in Special Operations and my current life as a successful entrepreneur.

I am a former Special Forces SGM that started my career as an 11B or basic infantryman, and became a Special Forces 18B weapons specialist and served 9 combat rotations overseas. I served as a Sniper, Assaulter, JTAC, TSE Expert, Free Fall Jumpmaster and more. I served in 3rd SFG, 10th SFG, USASOC, 19th SFG, and the CIA as a GRS officer protecting Case Officers overseas. I have a Bachelor's degree in Homeland Security/Crisis Management.

I own Fieldcraft Survival LLC, in Heber City, Utah where we specialize in teaching civilians to be prepared for the worst case scenario. First Aid, Mindset, Fitness, Tactics, Mobility, and so much more.

Stay tuned to everything that I'm doing by heading over to www.mikegloveractual.com

",4943499,108000,"['Lifestyle_(sociology)', 'Society']",71
UCADVRJMuJV07vEhGn0DcO_Q,Good Good Podcast,,462215,95300,"['Golf', 'Lifestyle_(sociology)']",5
UCESLZhusAkFfsNsApnjF_Cg,All-In Podcast,"Chamath Palihapitiya, Jason Calacanis, David Sacks & David Friedberg cover all things economic, tech, political, social & poker.

Follow the besties: 
https://twitter.com/chamath
https://twitter.com/Jason
https://twitter.com/DavidSacks
https://twitter.com/friedberg

Follow the pod: 
https://twitter.com/theallinpod
",50154941,458000,"['Politics', 'Society', 'Knowledge']",211
UCXl1paOouBzosrjPxZh2nyA,Fozcast - The Ben Foster Podcast,"Hi Everyone,

Welcome to The Fozcast - The Ben Foster Podcast! 

Join me, Ben Foster - Former England goalkeeper and current premier league player and my mate / co-host Tom Ochoa as we welcome top level athletes, content creators,  and anyone with an interesting story to tell on our Podcast, The Fozcast

We're going to have a friggin' good time and I hope you all do too!!!!! #upthefozcast
",50829467,251000,"['Sport', 'Association_football']",242
UCuIyI2SziMh84kUmYvcvoww,Wide Awake Podcast,Hosted by Joshua Rubin,79388785,204000,"['Entertainment', 'Society']",148
UCuJ32shRt8Od3MxMY-keTSQ,The Fort - An Entrepreneurship Podcast,"The Fort is an entrepreneurship podcast.
Here, we uncover the proven strategies, insights, and inspiring stories of todayâ€™s greatest leaders in the worlds of business, real estate, entrepreneurship, and investing. Each episodeâ€™s mission is to help you to level up your entrepreneurial game by hearing directly from the men and women in the arena. Chris is able to uniquely uncover things not commonly discussed because he is an entrepreneur himself. We not only cover business, but we also cover the personal side of entrepreneurship.

Each week features conversations with entrepreneurs, Founders, CEOs, and Executives from some of the leading companies in America. Past guests have represented companies such as JLL, Hillwood, S2 Capital, Chick Fil A, Morning Brew, Founders Podcast, Tiny Capital, Permanent Equity, Fort Capital, Matthews REIS, Bonobos, and ConvertKit.
",469034,6230,"['Knowledge', 'Society']",664
UC9hM3M6y8_uLvtyX5svKBgQ,The Letterman Podcast,"The Letterman Podcast is an audio and video production dedicated to the reminiscence, commentary, and discussion of the incredible body of work David Letterman, and the hundreds who worked for him created. 
On the show we have guests who worked for Daveâ€™s programs, folks who guested on or who had a brush with his shows, and other enthusiasts who have a story to tell. The hope is to create a community who all wish to celebrate our best friend on TV, the people who surrounded him, and of course, the legendary content they created. Feel free to join our group on The Facebook.

The Letterman podcast is available where fine podcasts are found, and here on the YouTube. We would very much appreciate you, yes YOU (the one who is reading this text) to IMMEDIATELY like this show, subscribe to it, and leave us a positive comment on every episode you come across. Even better, get all your family, friends, rivals (work, school, and romantic) to do the same, if it pleases ya. ",84497,1370,"['Television_program', 'Entertainment', 'Society']",165
UC9GUYzYBw8i4R5vsm_-QFFQ,WESTERN CONFERENCE PODCAST,"Separately they are BigBodyCisco and Westafa, but together they are Western Conference. From touring with the likes of J Boog, Fiji, Common Kings to being the VYBE Creators for many Music Festivals and Concerts. Western Conference have entered the podcast world and will be sitting down with other Entrepreneurs, Musicians, Athletes and Actors/Actresses and ask those questions that everyone as ever thought to ask. 
SUBSCRIBE to watch a NEW episode every Monday.",198142,4990,"['Hip_hop_music', 'Music']",50
UCUW0-On_4JM-mnbHxe-rDGw,Hallmarkies Podcast,"Your romcom and Christmas movie experts! We cover all things Hallmark both movies and TV shows with lots of bonus episodes for your pleasure. Enjoy! 
",3146402,7290,"['Film', 'Entertainment']",1716
UChF5O40UBqAc82I7-i5ig6A,Bloomberg Podcasts,Official home of Bloomberg Podcasts. Visit https://www.bloomberg.com/podcasts. ,4722561,32600,"['Knowledge', 'Society', 'Politics']",4251
UCIsAVvoXseBh3FOzzhpO8rg,Pelas Pistas Podcast,"Pelas Pistas Ã© um canal para os apaixonados por velocidade.
Aqui vocÃª encontra informaÃ§Ã£o sobre as principais categorias do automobilismo, anÃ¡lises, previsÃµes e ainda vai descobrir histÃ³rias de bastidores, nunca antes contadas!
Sob o comando dos pilotos Christian Fittipaldi e Nelsinho Piquet e do narrador Thiago Alves.
Toda terÃ§a-feira Ã s 21h. 

Produzido por Pod360
PatrocÃ­nio Pitstop
",16020438,56100,"['Sport', 'Lifestyle_(sociology)', 'Motorsport', 'Vehicle']",797
UCuulUz5sIdikcX8F5mbP2YA,Next Level Soul Podcast,"Next Level Soul founder Alex Ferrari is a #1 best-selling author, podcaster, speaker, entrepreneur, & filmmaker. Throughout his life, Alex always asked the big questions; Why are we here? Is this all there is? What is my soul's mission in this life? He developed Next Level Soul to help people around the world get closer to their own higher power to look inward for the answers they are searching for.Â 

The Next Level Soul Podcast discusses all the mysteries of life's journey and reality. Topics like: Spirituality, Near Death Experiences, Channelers, Quantum Physics, Creativity, Ancient Civilizations, Lost History, Spiritual Masters, End of Life, Mindset, and Healing & Wellness.Â 

Guest Disclaimer: The views and opinions expressed in this podcast are those of the guests and are for entertainment purposes only. They do not necessarily reflect the views or positions of any NextLevelSoul.com, Alex Ferrari, subsidiaries, or any corporate entities they represent.

",105996288,765000,"['Lifestyle_(sociology)', 'Society', 'Music', 'Religion']",1386
UCP_qzZi6KRl9899hb5k9z_A,Sleep With Me Podcast,"Sleep With Me is a bedtime story designed to take your mind off of the racing thoughts that keep you awake at night.

As you listen you will find yourself distracted from your worries and drifting off into dreamland..due to the fact the story gets a little bit more boring with each passing minute.

This podcast is a little weird, a bit silly and a tad offensive so beware. It is very similar to ASMR or guided meditation or hypnosis bedtime story that slowly carries you off to slumber.

""Sleep With Me"" is a groundbreaking podcast created to help you fall asleep. So get in bed, press play and drift off into dreamland. If you struggle with insomnia or just getting a good night's rest, you've found the podcast for you.

Subscribe in iTunes

Become a fan on Facebook

On Twitter @dearestscooter

Music

""Drops of H20"" J.Lang / CC BY 3.0 as podcast open
Sleep With Me is narrated by Dearest Scooter and written by Drew Ackerman",2814394,36700,['Lifestyle_(sociology)'],735
UCjeqviBoLp-rsvPaelT8b5Q,The Astrology Podcast,"The Astrology Podcast is a weekly show about all things astrological, hosted by Chris Brennan.

Chris is a professional astrologer from Denver, Colorado, USA. He specializes in ancient astrology, and is the author of the book Hellenistic Astrology: The Study of Fate and Fortune.

The Astrology Podcast was started in 2012, with the goal of providing intermediate and advanced level discussions about astrological topics, ranging from explorations of specific techniques, to treatments of issues pertaining to the history and philosophy of the subject.

Episodes are typically released once a week, and the best way to follow the show is by subscribing either here or through our page on Patreon.

For more information about my work see the websites linked to below.",18115583,185000,"['Lifestyle_(sociology)', 'Religion', 'Society', 'Knowledge']",498
UCzObwEuc6zYVyDkhwwP_Vfg,Cold Podcast,"On a cold December day in 2009, the mystery that still captivates America began.

Susan Powell was a regular woman. She was a wife, a mother, a co-worker, and church-goer.

She was also a victim, but of just what crime, no one can say with certainty.

She disappeared on a cold December night nearly 10 years ago. Her body has never been found.

KSLâ€™s Dave Cawley has spent the last three years examining tens of thousands of documents and recordings relating to the case of Susan Powell. He's uncovered evidence that has never before been seen or heard publicly -- information that brings this haunting cold case into a whole new light, many times through the words of those involved.

Join Cold as we take a look inside the mind of Josh Powell, inside this fractured family, and inside this fateful marriage.

Why did Josh kill in cold blood? Why was he was never charged with a crime? And why did Susan never leave?

Weâ€™ve strived to answer these questions in this multi-part podcast, Cold.",3588818,26000,"['Entertainment', 'Society']",84
UCSGx5Pq0zA_7O726M3JEptA,Pack-a-Day Podcast,"Andy Herman & the Pack-A-Day team bring you this new and exciting daily Packers videocast. For 365 days a year, this is your new, number one source for one-of-a-kind Packers content every single day of the year. We've designed a new series for Packer fans so that you can stay up-to-date with every piece of Packers information including news, rumors, game reviews, player grades, NFL Draft information, and much, much more! Join us everyday for an all new episode of the Pack-A-Day podcast!",8145140,21500,"['American_football', 'Sport']",1674
UCBOUrcXLnI271yax25aRZCw,Sidenote Podcast,Mitch and Greg of AsapSCIENCE chat about controversial subjects. Then they research and splice in all the mind blowing science!,1464499,41700,"['Knowledge', 'Society', 'Health', 'Lifestyle_(sociology)']",257
UCMms-0vIXyHyBlTYOdZoC-Q,Podcast 90's Hip Hop,"Podcast 90's Hip Hop is a music channel that synthesizes the best Rap HipHop songs of all time from the 90s-2000s.
Thanks for watching! Don't forget to SUBCRIBE, Like & Share my video if you like it! Happy listening! â¤ â¤ â¤
hip hop,hip hop mix,2000 hip hop mix,rap songs,90s hip hop,hip hop anos 2000,top hip hop das antigas,hip hop song,hip hop mix 2023 mix,ja rule,hip hop 2000,old school hip hop mix 90's,rip rop,usher,hiphop,hip hop das antigas 2000,mix hip hop,dmx,hip hop songs,top hip hop das antigas so,hip hop 2000 mix
",5780113,32300,['Lifestyle_(sociology)'],1393
UC5NfsGQVCBs99g58SsnSagg,VT Podcast,"O podcast mais experiente da internet!
Acesse: https://vtpodcast.com.br
",26565546,205000,"['Entertainment', 'Lifestyle_(sociology)', 'Society']",289
UCqoy014xOu7ICwgLWHd9BzQ,Cortex Podcast,"CGP Grey and Myke Hurley are both independent content creators. Each episode, they get together to discuss their working lives.
",8649575,85200,"['Lifestyle_(sociology)', 'Entertainment', 'Film']",211
UCEcrRXW3oEYfUctetZTAWLw,WVFRM Podcast,"A tech podcast for the gadget lovers and tech heads among us from the mind of Marques Brownlee, better known as MKBHD. MKBHD has made a name for himself on YouTube reviewing everything from the newest smartphones to cameras to electric cars. Pulling from over 20 years of experience covering the tech industry, MKBHD and co-hosts Andrew Manganelli and David Imel will keep you informed and entertained as they take a deep dive into the latest and greatest in tech and what deserves your hard earned cash. New episodes every week. Waveform is part of the Vox Media Podcast Network.
",50074836,374000,"['Technology', 'Lifestyle_(sociology)']",167
UCkqcY4CAuBFNFho6JgygCnA,Jocko Podcast,Jocko Willink and Echo Charles discuss discipline and leadership... extensively.,304760880,1840000,['Society'],1682
UCXHuyohKKivc389LD8ET7QQ,+/- Podcast,"O 1Âº podcast da Baixada Fluminense!

Entre em contato para divulgaÃ§Ã£o de marcas ou sugestÃ£o de convidados
ğŸ“©: contato@maisoumenospodcast.com.br
",14739952,73900,"['Sport', 'Society', 'Religion']",1215
UCs0e_9h1VqhfvJku59dftKg,Sunhuyn Podcast,"ChÃ o cÃ¡c báº¡n, mÃ¬nh lÃ  Sun. CÃ¡c báº¡n Ä‘ang láº¯ng nghe Sunhuyn Podcast.
Náº¿u cÃ³ nhá»¯ng ngÃ y cáº£m tháº¥y chÃªnh vÃªnh hÃ£y quay vá» Ä‘Ã¢y vÃ  yÃªu láº¥y chÃ­nh mÃ¬nh. CÃ¹ng láº¯ng nghe vÃ  tháº¥u hiá»ƒu.

â« Káº¿t ná»‘i vá»›i Sun:
Podcast: https://anchor.fm/sunhuyn
Youtube Sunhuyn: https://www.youtube.com/sunhuyn95
Fanpage: https://www.facebook.com/sunhuynvlog/
Instagram: https://www.instagram.com/sunhuyn/
TikTok: https://www.tiktok.com/@sunhuynn?

#sunhuynpodcast
",6036855,127000,['Lifestyle_(sociology)'],114
UCFPElAbES8GHfBZrDrGbSLQ,What's Good Podcast,The official YouTube channel for the What's Good Podcast with Miniminter & Randolph,391462916,1000000,"['Lifestyle_(sociology)', 'Entertainment']",2460
UCykoWlH491sqX56UwrvCr5w,HowToBBQRight Podcast,"HowToBBQRight Podcast

Welcome to the HowToBBQRight Podcast with Malcom & Rachelle Reed. Here we talk all about our weekly YouTube recipes, what weâ€™re grilling at the house, tips and tricks for grilling and our competition BBQ contests.

We started HowToBBQRight in 2007. We didnâ€™t know what we were doingâ€¦ but Malcom loved to cook BBQ and I knew just enough about designing a website to build one. Now we sell our own line of Killer Hogs BBQ Products and create weekly recipes for our HowToBBQRight YouTube Channel and website â€“ and now weâ€™re doing a Podcast! To us, itâ€™s all about cooking delicious food and taking pride in everything we cook.  
",2672618,18200,"['Food', 'Entertainment', 'Lifestyle_(sociology)']",357
UCw5RoKFMqm9QexzDpABz2qw,Laugh Daily Podcast,The Laugh Daily Podcast ,3525271,88600,"['Entertainment', 'Lifestyle_(sociology)']",77
UC1WXDjMBw6m439JAcdzX9kQ,Intelerks Podcast,"Intelerks podcast is Kerala's first ever lifestyle podcast established on November 1st 2020, aimed towards building a whole generation of Dreamers through the use of humour and unconventional conversations, that are goanna blow your mind.

The name of the host is KARTHiK SURYA who is a dumass who believes that he can change the world.
",72835716,386000,"['Film', 'Entertainment']",397
UCHQer4vtqFcDs7HeoglgQfA,Making It Podcast,"Making It is a weekly audio podcast hosted by Jimmy Diresta, Bob Clagett and David Picciuto. Three different makers with different backgrounds talking about creativity, design and making things with your bare hands.",230404,7760,"['Entertainment', 'Lifestyle_(sociology)', 'Technology']",221
UCKegeYEy0lJxpkjWRthaRMw,Think Media Podcast,"Unfiltered YouTube tips for building a profitable channel.

Our company, Think Media, is a team of content creators committed to bringing you weekly conversations around building your YouTube channel, personal brand, and business with online video.

And over the last 10 years, we've created and refined the #1 YouTube Strategy Course in the world - Video Ranking Academy. Our courses and community have helped over 12,000 content creators & entrepreneurs tackle their goals. 

Our mission is to help ONE MILLION purpose-driven people go full-time doing what they love and making an impact through the power of video. 

Here are the ways to work with us here at Think Media: 

âš¡ï¸FREE CLASS: Watch our FREE YouTube class â¡ï¸ ThinkMasterclass.com 

âš¡ï¸#1 YOUTUBE STRATEGY COURSE: Join our YouTube Course & Community TODAY â¡ï¸ JoinVRA.com

âš¡ï¸BOOK: Check out the #1 best selling book YouTube Secrets â¡ï¸ YTsecrets.com
",10496680,169000,"['Society', 'Lifestyle_(sociology)', 'Knowledge']",876
UCZ8_-dTIxnLOLt3jfH5XHJw,Broken Record Podcast,Liner notes for the digital age.,9510496,128000,"['Rock_music', 'Music']",249
UCytudPHtHx5egRNLTGv5Pjw,Road Podcast,"Welcome to the R.O.A.D. Podcast. Â The show gives you unfiltered opinions from the eyes and ears of 3 seasoned DJs from the Las Vegas nightclub industry. DJ Crooked and DJ Neva come to us by way of New York; Manhattan and The Bronx respectively. Both relocated to Vegas in the early 2000s to open, what was then, Light and Jet Nightclub. Â  Crooked is known for his workhorse mentality, and high-energy DJ sets, but has never been one for the industry politics. Â While DJ Neva has earned his OG status due to his countless years of experience in the DJ game. In 2007, they brought a piece of home with them by founding KNYEW (an acronym for â€œKeeping New York Every Where), a successful clothing brand, the first of its kind to be seen in Las Vegas. Similarly, Jaime Da Great grew up in LA. Jaime, while making a huge name for himself in the sneaker industry, has shifted his focus to becoming a full-time DJ.   ",596641,6580,"['Music', 'Hip_hop_music', 'Entertainment']",329
UC7vZARXZ-zD42W5aaSewgEw,James Graham's The Bye Round Podcast,,1602576,11900,['Sport'],210
UCuEJMAB8GdoaPK7eLkKmAiQ,Pure Hustle Podcast,"Pure Hustle Podcast is a reselling podcast that focuses on ways to make money flipping items from garage sales, thrift stores, and through retail arbitrage. We sell through eBay, Amazon FBA, Poshmark, Whatnot, Offerup, and other reselling platforms. 

We do not believe that reselling is a get rich quick lifestyle, so we are real about the ups and downs as we discuss tricks, tips, and struggles of reselling. 
",542875,8850,"['Technology', 'Lifestyle_(sociology)']",631
UCOj7q98-59gkzZuVygka0UA,The Raw Knuckles Podcast,,1999900,13600,"['Sport', 'Ice_hockey', 'Entertainment']",391
UCd7cWATUKxUsq8ldSMggTlA,IT IS WHAT IT IS PODCAST,"Home of ""It Is What It Is Podcast"", an inside look into the behind-the-scenes life of the Ireland Boys, Ricky, and Nick Ireland, and their CRAZY stories, experiences, and adventures that have never been told on camera before...

Business Inquiries: IrelandBoysPodcast@gmail.com
",66204569,186000,"['Hip_hop_music', 'Entertainment', 'Music']",377
UCyGLnZqySuTQ0tYgeRH4Y3w,The Matty Johns Podcast,"This is the YouTube channel for everything Matty Johns. Every week during the NRL season we'll publish an episode of the podcast with Matty, his wife Trish and sons Jack and Cooper. You'll get all the experts talking about the NRL, and hear Jack and Coop giving Matt heaps, it's all here.Â ",453169,5700,"['Lifestyle_(sociology)', 'Entertainment', 'Film']",68
UCWVCimOe67LOfyi9PjUeGgA,MythVision Podcast,"MythVision Podcast (MVP) brings you some of the finest information surrounding mythology from a variety of people in search for better understanding of ancient text. We discuss mythology, syncretism, astrotheology, gematria, sacred geometry, secret societies, ancient languages, history, prophecy, scholarship, conspiracies, heretical ideas, myth interpretations, deconversion stories and we really want to take down authoritarian cults like Scientology, Jehovah's Witnesses, Children of God, FLDS (Spin-offs of Mormons) and other harmful cults.

If you enjoy these topics and so much more subscribe & like plus share this information with others. Feel free to partner with us as well through our Patreon and Paypal accounts that are in the descriptions of our videos.",41012182,215000,"['Society', 'Religion']",1626
UCgbvazhy9jdrA1s0TDrwJCA,TECHonomics Podcast,,855889,5170,"['Technology', 'Video_game_culture', 'Action_game']",236
UC_s6KOHNVgR-nblrryG9RHA,Team Never Quit Podcast,"Each week join Retired Navy SEAL Marcus Luttrell, who takes you into the â€œbriefing roomâ€ to chat with incredible guests who share their greatest never quit stories. This humorous, heartfelt and entertaining podcast is changing lives and has become a beacon of hope and resilience to those who are facing the impossible. One of the best ways we can support our community is to share their stories so that we might inspire others to Never Quit.",7498916,109000,['Society'],280
UCo5TlU2TZWVDsAlGI94QCoA,Thought Adventure Podcast,,1053421,17000,"['Society', 'Religion', 'Knowledge']",108
UC4SE6c97Qjscv4lfjaCMkMQ,Against All Odds Podcast,The Official Podcast of Matt Sheldon from Become Elite and Mimi Estelle. New podcasts every Monday and Thursday!,755614,13800,"['Association_football', 'Lifestyle_(sociology)', 'Sport']",123
UC0Ppe_VuMjrph8RrsIvjAww,Garza Podcast,"THE HEAVIEST PODCAST OF ALL TIME

Hosted by guitar player & founder of Suicide Silence, Chris Garza
",2628645,41100,"['Music', 'Rock_music']",121
UCEz1KpdfYmWqVKPqXrVL6Rg,A Pint and Two Shots Podcast,"A daft look at the WHOLE of Scottish Football! 

Hosted by Grado, Stephen Purdon and Toal!

Follow us on socials!
https://mtr.bio/pint-and-two-shots

Follow the guys socials;

Grado: @GradoWrestling
Stephen: @stephen_purdon
Toal: @iamchristoal
",620418,6920,"['Film', 'Sport', 'Entertainment', 'Lifestyle_(sociology)', 'Vehicle']",94
UCYLCcaZ-4PkW_r247X3f_LQ,The Need to Know Podcast,"Tune in to what you need to know, when you need to know on the Need to Know podcast hosted by Savon, Alex, & Regi Cho. They discuss current events in pop culture, dating as a millennial, and weekly events. They also interview upcoming creatives in music, comedy, art, journalism and more!",3555355,27200,"['Hip_hop_music', 'Entertainment', 'Music']",548
UCJJV8pckL_OiW-IpzwPqAfw,The Editing Podcast,"Weekly videos about film editing. 

We're Hayden Hillier-Smith and Jordan Orme, and we realised that with the explosion of the internet, video editing is in our lives more than we realise...and with ""YouTuber"" or â€œFilmmakerâ€ being the top job kids want today, the demand for editors will only escalate.

Editing now is like what coding was during the DotCom era: just like everyone needed a website, soon everyone will need an editor.

",4009792,118000,"['Film', 'Entertainment', 'Lifestyle_(sociology)']",97
UCLtREJY21xRfCuEKvdki1Kw,H3 Podcast,The official podcast of Ethan and Hila Klein of h3h3productions.,1273609930,2910000,"['Lifestyle_(sociology)', 'Society', 'Film', 'Entertainment']",1072
